Regiao_Sigla;Estado_Sigla;Municipio;Produto;Data_da_Coleta;Valor_de_Venda;Unidade_de_Medida;Bandeira
NE;BA;CAMACARI;GNV;04/01/2022;3,79;R$ / m³;VIBRA ENERGIA
NE;PE;JABOATAO DOS GUARARAPES;GNV;04/01/2022;3,95;R$ / m³;BRANCA
SE;RJ;RIO DE JANEIRO;GNV;04/01/2022;3,99;R$ / m³;BRANCA
SE;RJ;SAO JOAO DE MERITI;GNV;04/01/2022;4,09;R$ / m³;RAIZEN
SE;RJ;NITEROI;GNV;03/01/2022;4,19;R$ / m³;IPIRANGA
SE;RJ;BELFORD ROXO;GNV;04/01/2022;4,19;R$ / m³;IPIRANGA
SE;ES;VITORIA;GNV;04/01/2022;4,49;R$ / m³;RAIZEN
SE;SP;SAO PAULO;ETANOL;04/01/2022;4,49;R$ / litro;BRANCA
SE;SP;BARUERI;ETANOL;05/01/2022;4,59;R$ / litro;BRANCA
S;PR;ASSIS CHATEAUBRIAND;ETANOL;11/02/2022;4,59;R$ / litro;BRANCA
SE;SP;ADAMANTINA;ETANOL;04/01/2022;4,69;R$ / litro;BRANCA
SE;SP;BARRETOS;ETANOL;04/01/2022;4,79;R$ / litro;BRANCA
SE;SP;JACAREI;ETANOL;05/01/2022;4,79;R$ / litro;BRANCA
SE;MG;CURVELO;ETANOL;03/03/2022;4,87;R$ / litro;BRANCA
SE;SP;VINHEDO;ETANOL;05/01/2022;4,89;R$ / litro;RAIZEN
S;PR;CAMPO MOURAO;ETANOL;04/01/2022;4,92;R$ / litro;BRANCA
SE;SP;CACAPAVA;DIESEL;05/01/2022;4,94;R$ / litro;BRANCA
S;PR;PINHAIS;DIESEL S10;04/01/2022;4,95;R$ / litro;UNI
S;PR;PATO BRANCO;ETANOL;17/02/2022;4,95;R$ / litro;RODOIL
S;RS;SAPUCAIA DO SUL;DIESEL;06/01/2022;4,96;R$ / litro;BRANCA
S;SC;BRUSQUE;DIESEL S10;05/01/2022;4,98;R$ / litro;IPIRANGA
S;PR;CIANORTE;DIESEL S10;05/01/2022;4,99;R$ / litro;CIAPETRO
S;PR;PARANAVAI;DIESEL S10;05/01/2022;4,99;R$ / litro;BRANCA
S;RS;SAPIRANGA;DIESEL;05/01/2022;4,99;R$ / litro;BRANCA
S;RS;GRAVATAI;DIESEL;05/01/2022;4,99;R$ / litro;IPIRANGA
SE;SP;AMERICANA;DIESEL S10;05/01/2022;4,99;R$ / litro;BRANCA
SE;SP;PINDAMONHANGABA;DIESEL;06/01/2022;4,99;R$ / litro;BRANCA
SE;MG;SABARA;ETANOL;15/02/2022;4,99;R$ / litro;VIBRA ENERGIA
S;PR;CAMPO LARGO;ETANOL;17/02/2022;4,99;R$ / litro;BRANCA
S;PR;UNIAO DA VITORIA;DIESEL;05/01/2022;5,00;R$ / litro;IPIRANGA
SE;SP;POA;DIESEL;04/01/2022;5,03;R$ / litro;BRANCA
SE;MG;SETE LAGOAS;DIESEL;04/01/2022;5,04;R$ / litro;BRANCA
S;PR;CORNELIO PROCOPIO;DIESEL;04/01/2022;5,04;R$ / litro;RAIZEN
S;SC;XANXERE;DIESEL;06/01/2022;5,05;R$ / litro;STANG
S;PR;FRANCISCO BELTRAO;DIESEL S10;04/01/2022;5,09;R$ / litro;IPIRANGA
S;PR;CAMBE;DIESEL S10;04/01/2022;5,09;R$ / litro;RAIZEN
S;PR;GUARAPUAVA;DIESEL S10;05/01/2022;5,09;R$ / litro;IPIRANGA
S;SC;ARARANGUA;DIESEL;05/01/2022;5,09;R$ / litro;IPIRANGA
S;SC;CRICIUMA;DIESEL;05/01/2022;5,09;R$ / litro;IPIRANGA
S;RS;OSORIO;DIESEL;05/01/2022;5,09;R$ / litro;BRANCA
SE;MG;JOAO PINHEIRO;DIESEL S10;04/01/2022;5,13;R$ / litro;BRANCA
SE;SP;ARARAQUARA;DIESEL;05/01/2022;5,13;R$ / litro;BRANCA
SE;SP;TAUBATE;DIESEL S10;04/01/2022;5,14;R$ / litro;RAIZEN
SE;SP;CARAPICUIBA;DIESEL S10;04/01/2022;5,14;R$ / litro;VIBRA ENERGIA
S;RS;SANTA MARIA;DIESEL S10;04/01/2022;5,14;R$ / litro;IPIRANGA
SE;SP;BIRIGUI;DIESEL;05/01/2022;5,14;R$ / litro;BRANCA
NE;PE;LAJEDO;DIESEL S10;04/01/2022;5,15;R$ / litro;BRANCA
S;PR;ARAPONGAS;DIESEL;05/01/2022;5,15;R$ / litro;BRANCA
SE;SP;LORENA;DIESEL S10;04/01/2022;5,16;R$ / litro;BRANCA
SE;MG;MONTE CARMELO;ETANOL;05/01/2022;5,16;R$ / litro;BRANCA
SE;SP;GUARUJA;DIESEL S10;04/01/2022;5,17;R$ / litro;IPIRANGA
SE;ES;SAO MATEUS;DIESEL S10;04/01/2022;5,19;R$ / litro;VIBRA ENERGIA
N;TO;PALMAS;DIESEL S10;04/01/2022;5,19;R$ / litro;BRANCA
NE;PE;GARANHUNS;DIESEL S10;04/01/2022;5,19;R$ / litro;RAIZEN
SE;RJ;NOVA IGUACU;DIESEL S10;04/01/2022;5,19;R$ / litro;BRANCA
SE;SP;MOGI DAS CRUZES;DIESEL S10;04/01/2022;5,19;R$ / litro;BRANCA
SE;SP;MONTE ALTO;DIESEL S10;04/01/2022;5,19;R$ / litro;BRANCA
SE;SP;OSASCO;DIESEL S10;04/01/2022;5,19;R$ / litro;RAIZEN
SE;SP;ITAPECERICA DA SERRA;DIESEL S10;05/01/2022;5,19;R$ / litro;BRANCA
S;RS;CANOAS;DIESEL;06/01/2022;5,19;R$ / litro;VIBRA ENERGIA
S;RS;SAO LEOPOLDO;DIESEL;06/01/2022;5,19;R$ / litro;IPIRANGA
SE;SP;BRAGANCA PAULISTA;DIESEL;06/01/2022;5,19;R$ / litro;RAIZEN
SE;MG;CONGONHAS;ETANOL;07/04/2022;5,19;R$ / litro;VIBRA ENERGIA
S;SC;LAGUNA;DIESEL;05/01/2022;5,20;R$ / litro;BRANCA
S;SC;TUBARAO;DIESEL S10;05/01/2022;5,22;R$ / litro;BRANCA
S;RS;CACHOEIRINHA;DIESEL;05/01/2022;5,22;R$ / litro;IPIRANGA
S;SC;CHAPECO;DIESEL;05/01/2022;5,22;R$ / litro;VIBRA ENERGIA
NE;MA;SAO JOSE DE RIBAMAR;DIESEL S10;04/01/2022;5,24;R$ / litro;BRANCA
S;SC;SAO JOSE;DIESEL S10;04/01/2022;5,24;R$ / litro;BRANCA
SE;SP;BAURU;DIESEL;04/01/2022;5,25;R$ / litro;BRANCA
NE;BA;LAURO DE FREITAS;DIESEL S10;04/01/2022;5,25;R$ / litro;BRANCA
N;PA;ANANINDEUA;DIESEL;05/01/2022;5,25;R$ / litro;BRANCA
S;RS;ALVORADA;DIESEL;05/01/2022;5,25;R$ / litro;VIBRA ENERGIA
S;PR;APUCARANA;DIESEL;05/01/2022;5,25;R$ / litro;RAIZEN
NE;AL;RIO LARGO;ETANOL;03/02/2022;5,25;R$ / litro;VIBRA ENERGIA
SE;SP;ITAQUAQUECETUBA;DIESEL S10;05/01/2022;5,26;R$ / litro;BRANCA
NE;SE;ITABAIANA;DIESEL S10;04/01/2022;5,27;R$ / litro;RAIZEN
SE;SP;SANTA CRUZ DO RIO PARDO;DIESEL;05/01/2022;5,27;R$ / litro;BRANCA
SE;RJ;DUQUE DE CAXIAS;DIESEL;06/01/2022;5,27;R$ / litro;RAIZEN
SE;MG;BETIM;DIESEL S10;04/01/2022;5,28;R$ / litro;IPIRANGA
SE;ES;GUARAPARI;DIESEL S10;04/01/2022;5,29;R$ / litro;VIBRA ENERGIA
CO;GO;APARECIDA DE GOIANIA;DIESEL;04/01/2022;5,29;R$ / litro;BRANCA
CO;GO;GOIANIA;DIESEL;04/01/2022;5,29;R$ / litro;RIO BRANCO
SE;MG;OLIVEIRA;ETANOL;04/01/2022;5,29;R$ / litro;RAIZEN
SE;RJ;VOLTA REDONDA;DIESEL S10;04/01/2022;5,29;R$ / litro;BRANCA
S;RS;PASSO FUNDO;DIESEL S10;04/01/2022;5,29;R$ / litro;VIBRA ENERGIA
SE;SP;JALES;DIESEL;04/01/2022;5,29;R$ / litro;BRANCA
SE;SP;PIRACICABA;DIESEL S10;04/01/2022;5,29;R$ / litro;RAIZEN
N;AM;MANAUS;DIESEL S10;04/01/2022;5,29;R$ / litro;SABBÁ
S;PR;CURITIBA;DIESEL S10;04/01/2022;5,29;R$ / litro;VIBRA ENERGIA
NE;PE;SERRA TALHADA;DIESEL S10;05/01/2022;5,29;R$ / litro;IPIRANGA
S;RS;VIAMAO;DIESEL S10;05/01/2022;5,29;R$ / litro;VIBRA ENERGIA
SE;SP;ITU;DIESEL S10;05/01/2022;5,29;R$ / litro;BRANCA
SE;SP;AMPARO;DIESEL;06/01/2022;5,29;R$ / litro;VIBRA ENERGIA
S;RS;SAO LUIZ GONZAGA;DIESEL;06/01/2022;5,29;R$ / litro;VIBRA ENERGIA
S;RS;BENTO GONCALVES;DIESEL;06/01/2022;5,31;R$ / litro;IPIRANGA
N;AP;MACAPA;DIESEL;04/01/2022;5,33;R$ / litro;BRANCA
S;PR;CASTRO;DIESEL;05/01/2022;5,33;R$ / litro;IPIRANGA
S;SC;MAFRA;DIESEL S10;04/01/2022;5,34;R$ / litro;IPIRANGA
S;SC;JARAGUA DO SUL;DIESEL S10;03/02/2022;5,34;R$ / litro;BRANCA
CO;GO;GOIATUBA;ETANOL;16/02/2022;5,34;R$ / litro;BRANCA
SE;RJ;VALENCA;DIESEL S10;04/01/2022;5,35;R$ / litro;ALESAT
S;RS;ALEGRETE;DIESEL;05/01/2022;5,35;R$ / litro;RAIZEN
NE;CE;CRATO;DIESEL;06/01/2022;5,35;R$ / litro;BRANCA
S;RS;SANTA CRUZ DO SUL;DIESEL;06/01/2022;5,35;R$ / litro;IPIRANGA
SE;SP;COSMOPOLIS;DIESEL;06/01/2022;5,35;R$ / litro;BRANCA
NE;PE;CABO DE SANTO AGOSTINHO;DIESEL S10;05/01/2022;5,37;R$ / litro;RAIZEN
NE;PE;CARUARU;DIESEL S10;05/01/2022;5,37;R$ / litro;BRANCA
NE;PE;ARARIPINA;DIESEL S10;04/01/2022;5,38;R$ / litro;VIBRA ENERGIA
SE;MG;IPATINGA;DIESEL S10;04/01/2022;5,39;R$ / litro;VIBRA ENERGIA
CO;MS;PONTA PORA;DIESEL S10;04/01/2022;5,39;R$ / litro;BRANCA
SE;SP;GUARULHOS;DIESEL S10;04/01/2022;5,39;R$ / litro;IPIRANGA
SE;SP;MIRASSOL;DIESEL S10;04/01/2022;5,39;R$ / litro;IPIRANGA
SE;SP;RIO CLARO;DIESEL S10;04/01/2022;5,39;R$ / litro;VIBRA ENERGIA
SE;SP;LIMEIRA;DIESEL S10;04/01/2022;5,39;R$ / litro;IPIRANGA
S;RS;CACHOEIRA DO SUL;DIESEL;05/01/2022;5,39;R$ / litro;IPIRANGA
SE;SP;MOGI MIRIM;DIESEL;06/01/2022;5,39;R$ / litro;IPIRANGA
N;PA;CAMETA;DIESEL;04/01/2022;5,40;R$ / litro;BRANCA
CO;MT;VARZEA GRANDE;DIESEL;05/01/2022;5,43;R$ / litro;BRANCA
CO;GO;MORRINHOS;DIESEL S10;04/01/2022;5,44;R$ / litro;BRANCA
SE;SP;TATUI;DIESEL S10;04/01/2022;5,44;R$ / litro;VIBRA ENERGIA
SE;RJ;PETROPOLIS;DIESEL S10;05/01/2022;5,44;R$ / litro;RAIZEN
S;RS;SAO GABRIEL;DIESEL;05/01/2022;5,44;R$ / litro;IPIRANGA
SE;SP;AVARE;DIESEL;06/01/2022;5,44;R$ / litro;BRANCA
SE;SP;ITAPEVA;DIESEL S10;04/01/2022;5,45;R$ / litro;IPIRANGA
SE;SP;TUPA;DIESEL S10;04/01/2022;5,45;R$ / litro;BRANCA
SE;RJ;ARARUAMA;DIESEL;06/01/2022;5,46;R$ / litro;BRANCA
SE;SP;DRACENA;DIESEL S10;04/01/2022;5,47;R$ / litro;RAIZEN
SE;MG;BELO HORIZONTE;DIESEL S10;04/01/2022;5,47;R$ / litro;IPIRANGA
S;SC;BIGUACU;DIESEL S10;04/01/2022;5,47;R$ / litro;BRANCA
S;PR;LONDRINA;DIESEL S10;05/01/2022;5,47;R$ / litro;RAIZEN
SE;MG;SAO SEBASTIAO DO PARAISO;DIESEL S10;04/01/2022;5,49;R$ / litro;VIBRA ENERGIA
CO;MS;TRES LAGOAS;DIESEL S10;04/01/2022;5,49;R$ / litro;BRANCA
NE;PE;PAULISTA;DIESEL S10;04/01/2022;5,49;R$ / litro;VIBRA ENERGIA
SE;RJ;SAQUAREMA;GNV;04/01/2022;5,49;R$ / m³;RAIZEN
SE;SP;CUBATAO;DIESEL S10;04/01/2022;5,49;R$ / litro;VIBRA ENERGIA
SE;SP;JABOTICABAL;DIESEL S10;04/01/2022;5,49;R$ / litro;VIBRA ENERGIA
SE;SP;JAU;DIESEL S10;04/01/2022;5,49;R$ / litro;BRANCA
NE;BA;FEIRA DE SANTANA;DIESEL S10;04/01/2022;5,49;R$ / litro;BRANCA
S;RS;PORTO ALEGRE;DIESEL S10;04/01/2022;5,49;R$ / litro;VIBRA ENERGIA
SE;SP;ARACATUBA;DIESEL S10;04/01/2022;5,49;R$ / litro;IPIRANGA
SE;SP;ITAPOLIS;DIESEL S10;04/01/2022;5,49;R$ / litro;BRANCA
SE;RJ;RIO BONITO;DIESEL S10;05/01/2022;5,49;R$ / litro;IPIRANGA
SE;SP;ITAPETININGA;DIESEL;05/01/2022;5,49;R$ / litro;VIBRA ENERGIA
SE;SP;GARCA;DIESEL;05/01/2022;5,49;R$ / litro;BRANCA
N;RO;CACOAL;DIESEL S10;04/01/2022;5,52;R$ / litro;VIBRA ENERGIA
SE;MG;CAMPO BELO;DIESEL;04/01/2022;5,53;R$ / litro;VIBRA ENERGIA
S;PR;MARECHAL CANDIDO RONDON;DIESEL;16/02/2022;5,53;R$ / litro;BRANCA
S;SC;BLUMENAU;DIESEL S10;04/01/2022;5,54;R$ / litro;VIBRA ENERGIA
SE;SP;JOSE BONIFACIO;DIESEL S10;04/01/2022;5,54;R$ / litro;IPIRANGA
NE;MA;IMPERATRIZ;DIESEL S10;04/01/2022;5,54;R$ / litro;IPIRANGA
NE;PE;RECIFE;DIESEL S10;05/01/2022;5,54;R$ / litro;IPIRANGA
NE;SE;JAPARATUBA;DIESEL S10;22/02/2022;5,54;R$ / litro;PETROX DISTRIBUIDORA
NE;BA;JEQUIE;ETANOL;07/01/2022;5,55;R$ / litro;IPIRANGA
N;PA;MARABA;DIESEL S10;04/01/2022;5,56;R$ / litro;BRANCA
NE;PE;PETROLINA;DIESEL;04/01/2022;5,56;R$ / litro;VIBRA ENERGIA
SE;ES;COLATINA;DIESEL S10;19/01/2022;5,57;R$ / litro;VIBRA ENERGIA
N;RO;PORTO VELHO;DIESEL S10;04/01/2022;5,59;R$ / litro;SABBÁ
SE;SP;SUZANO;DIESEL S10;04/01/2022;5,59;R$ / litro;VIBRA ENERGIA
NE;BA;SIMOES FILHO;DIESEL S10;04/01/2022;5,59;R$ / litro;VIBRA ENERGIA
NE;PI;PARNAIBA;DIESEL S10;04/01/2022;5,59;R$ / litro;BRANCA
SE;SP;UBATUBA;DIESEL S10;04/01/2022;5,59;R$ / litro;VIBRA ENERGIA
S;SC;CACADOR;DIESEL S10;04/01/2022;5,63;R$ / litro;RAIZEN MIME
N;RR;BOA VISTA;DIESEL S10;04/01/2022;5,63;R$ / litro;IPIRANGA
SE;RJ;ITABORAI;DIESEL S10;22/02/2022;5,64;R$ / litro;BRANCA
S;RS;ERECHIM;DIESEL;05/01/2022;5,65;R$ / litro;VIBRA ENERGIA
NE;BA;PAULO AFONSO;DIESEL S10;04/01/2022;5,66;R$ / litro;RAIZEN
NE;BA;JUAZEIRO;DIESEL S10;04/01/2022;5,67;R$ / litro;PETROBAHIA
NE;PB;SOUSA;DIESEL S10;04/01/2022;5,68;R$ / litro;TEMAPE
SE;MG;ALFENAS;DIESEL S10;04/01/2022;5,69;R$ / litro;BRANCA
SE;SP;CRUZEIRO;DIESEL S10;04/01/2022;5,69;R$ / litro;BRANCA
NE;CE;FORTALEZA;DIESEL S10;04/01/2022;5,69;R$ / litro;VIBRA ENERGIA
NE;BA;EUNAPOLIS;DIESEL S10;04/01/2022;5,69;R$ / litro;RAIZEN
SE;SP;ASSIS;DIESEL S10;05/01/2022;5,69;R$ / litro;VIBRA ENERGIA
SE;MG;ITUIUTABA;ETANOL;20/01/2022;5,69;R$ / litro;BRANCA
N;RO;PIMENTA BUENO;DIESEL S10;04/01/2022;5,70;R$ / litro;VIBRA ENERGIA
NE;MA;BARRA DO CORDA;DIESEL S10;01/02/2022;5,70;R$ / litro;BRANCA
NE;PI;PIRIPIRI;DIESEL;19/01/2022;5,73;R$ / litro;BRANCA
S;SC;JOINVILLE;DIESEL S10;04/01/2022;5,74;R$ / litro;IPIRANGA
NE;BA;BARREIRAS;DIESEL S10;05/01/2022;5,75;R$ / litro;BRANCA
N;AM;MANACAPURU;DIESEL S10;22/02/2022;5,76;R$ / litro;ATEM' S
SE;SP;MATAO;GASOLINA;06/01/2022;5,78;R$ / litro;BRANCA
NE;CE;QUIXADA;DIESEL S10;04/01/2022;5,79;R$ / litro;RAIZEN
SE;RJ;NILOPOLIS;ETANOL;05/01/2022;5,79;R$ / litro;BRANCA
N;RO;VILHENA;DIESEL S10;04/01/2022;5,81;R$ / litro;EQUADOR
N;PA;XINGUARA;DIESEL;19/01/2022;5,83;R$ / litro;SABBÁ
NE;RN;PARNAMIRIM;DIESEL S10;05/01/2022;5,85;R$ / litro;IPIRANGA
NE;MA;SANTA INES;DIESEL S10;01/02/2022;5,85;R$ / litro;VIBRA ENERGIA
S;RS;BAGE;DIESEL;05/01/2022;5,86;R$ / litro;VIBRA ENERGIA
NE;SE;NOSSA SENHORA DO SOCORRO;DIESEL S10;04/01/2022;5,89;R$ / litro;PETROX DISTRIBUIDORA
SE;SP;ITANHAEM;DIESEL S10;04/01/2022;5,89;R$ / litro;ALESAT
SE;MG;ITABIRA;DIESEL S10;03/02/2022;5,89;R$ / litro;ALESAT
NE;MA;PINHEIRO;DIESEL S10;17/02/2022;5,92;R$ / litro;BRANCA
NE;AL;DELMIRO GOUVEIA;DIESEL S10;04/01/2022;5,93;R$ / litro;VIBRA ENERGIA
NE;CE;CRATEUS;DIESEL S10;04/01/2022;5,94;R$ / litro;SP
SE;SP;SAO JOSE DO RIO PRETO;GASOLINA;05/01/2022;5,94;R$ / litro;BRANCA
N;PA;PARAUAPEBAS;DIESEL S10;04/01/2022;5,95;R$ / litro;BRANCA
SE;SP;SAO JOSE DOS CAMPOS;GASOLINA;05/01/2022;5,95;R$ / litro;BRANCA
SE;SP;PRAIA GRANDE;GASOLINA;03/01/2022;5,99;R$ / litro;BRANCA
NE;RN;NATAL;DIESEL S10;04/01/2022;5,99;R$ / litro;ALESAT
SE;RJ;BARRA DO PIRAI;DIESEL S10;10/03/2022;5,99;R$ / litro;VIBRA ENERGIA
NE;BA;SENHOR DO BONFIM;ETANOL;18/04/2022;5,99;R$ / litro;BRANCA
N;PA;CONCEICAO DO ARAGUAIA;DIESEL S10;04/01/2022;6,00;R$ / litro;BRANCA
SE;SP;ITAPIRA;GASOLINA;06/01/2022;6,02;R$ / litro;BRANCA
N;PA;ALENQUER;DIESEL;05/01/2022;6,05;R$ / litro;EQUADOR
S;RS;NOVO HAMBURGO;GASOLINA ADITIVADA;06/01/2022;6,07;R$ / litro;BRANCA
SE;SP;SAO JOAO DA BOA VISTA;GASOLINA;03/01/2022;6,09;R$ / litro;BRANCA
SE;SP;CAMPINAS;GASOLINA;03/01/2022;6,09;R$ / litro;IPIRANGA
SE;SP;PRESIDENTE PRUDENTE;GASOLINA;03/01/2022;6,09;R$ / litro;BRANCA
SE;SP;OURINHOS;GASOLINA;03/01/2022;6,09;R$ / litro;BRANCA
SE;SP;SUMARE;GASOLINA;03/01/2022;6,15;R$ / litro;BRANCA
S;RS;ESTEIO;GASOLINA ADITIVADA;06/01/2022;6,16;R$ / litro;BRANCA
N;RO;JI-PARANA;DIESEL;16/02/2022;6,17;R$ / litro;VIBRA ENERGIA
CO;MS;DOURADOS;GASOLINA;03/01/2022;6,19;R$ / litro;TAURUS
SE;SP;VOTUPORANGA;GASOLINA;03/01/2022;6,19;R$ / litro;BRANCA
SE;SP;HORTOLANDIA;GASOLINA;03/01/2022;6,19;R$ / litro;BRANCA
SE;SP;MARILIA;GASOLINA;03/01/2022;6,19;R$ / litro;IPIRANGA
SE;SP;PRESIDENTE VENCESLAU;GASOLINA;03/01/2022;6,19;R$ / litro;BRANCA
SE;SP;PAULINIA;GASOLINA;03/01/2022;6,19;R$ / litro;VIBRA ENERGIA
S;PR;COLOMBO;GASOLINA;03/01/2022;6,19;R$ / litro;IPIRANGA
SE;SP;GUARATINGUETA;GASOLINA ADITIVADA;06/01/2022;6,19;R$ / litro;IPIRANGA
SE;SP;ITATIBA;GASOLINA;06/01/2022;6,19;R$ / litro;BRANCA
CO;MT;CACERES;GASOLINA;03/01/2022;6,26;R$ / litro;BRANCA
S;PR;PONTA GROSSA;GASOLINA;11/01/2022;6,26;R$ / litro;BRANCA
NE;BA;ALAGOINHAS;DIESEL S10;06/04/2022;6,26;R$ / litro;BRANCA
SE;SP;PORTO FERREIRA;GASOLINA;03/01/2022;6,27;R$ / litro;BRANCA
SE;SP;DIADEMA;GASOLINA;03/01/2022;6,29;R$ / litro;VIBRA ENERGIA
SE;SP;MOCOCA;GASOLINA;03/01/2022;6,29;R$ / litro;BRANCA
SE;SP;SAO CAETANO DO SUL;GASOLINA;03/01/2022;6,29;R$ / litro;IPIRANGA
SE;SP;SAO VICENTE;GASOLINA;03/01/2022;6,29;R$ / litro;RAIZEN
S;SC;ITAJAI;GASOLINA;03/01/2022;6,29;R$ / litro;BRANCA
SE;SP;ARARAS;GASOLINA;03/01/2022;6,29;R$ / litro;BRANCA
SE;SP;LEME;GASOLINA;03/01/2022;6,29;R$ / litro;IPIRANGA
SE;SP;LINS;GASOLINA;03/01/2022;6,29;R$ / litro;IPIRANGA
SE;SP;SANTA BARBARA D'OESTE;GASOLINA ADITIVADA;05/01/2022;6,29;R$ / litro;IPIRANGA
SE;SP;MOGI GUACU;GASOLINA;06/01/2022;6,29;R$ / litro;BRANCA
NE;PE;VITORIA DE SANTO ANTAO;GASOLINA;18/01/2022;6,29;R$ / litro;VIBRA ENERGIA
NE;MA;PRESIDENTE DUTRA;DIESEL S10;07/04/2022;6,30;R$ / litro;ALESAT
CO;MT;ALTA FLORESTA;DIESEL;04/01/2022;6,31;R$ / litro;VIBRA ENERGIA
SE;SP;CATANDUVA;GASOLINA;03/01/2022;6,34;R$ / litro;BRANCA
CO;MS;CAMPO GRANDE;GASOLINA;05/01/2022;6,34;R$ / litro;RAIZEN
SE;SP;OLIMPIA;GASOLINA;10/01/2022;6,34;R$ / litro;RAIZEN
SE;SP;BOTUCATU;GASOLINA;10/01/2022;6,34;R$ / litro;BRANCA
CO;MT;CUIABA;GASOLINA;03/01/2022;6,37;R$ / litro;BRANCA
SE;SP;INDAIATUBA;GASOLINA;03/01/2022;6,37;R$ / litro;VIBRA ENERGIA
SE;SP;SAO CARLOS;GASOLINA;03/01/2022;6,37;R$ / litro;BRANCA
SE;SP;VALINHOS;GASOLINA ADITIVADA;05/01/2022;6,37;R$ / litro;RAIZEN
SE;SP;CARAGUATATUBA;GASOLINA;03/01/2022;6,39;R$ / litro;BRANCA
SE;SP;SANTO ANDRE;GASOLINA;03/01/2022;6,39;R$ / litro;VIBRA ENERGIA
S;PR;PARANAGUA;GASOLINA;03/01/2022;6,39;R$ / litro;RAIZEN
SE;SP;BEBEDOURO;GASOLINA;03/01/2022;6,39;R$ / litro;RAIZEN
SE;SP;PIRASSUNUNGA;GASOLINA;03/01/2022;6,39;R$ / litro;IPIRANGA
SE;SP;SAO BERNARDO DO CAMPO;GASOLINA;03/01/2022;6,39;R$ / litro;RAIZEN
SE;SP;VOTORANTIM;GASOLINA;05/01/2022;6,39;R$ / litro;BRANCA
SE;SP;VARZEA PAULISTA;GASOLINA ADITIVADA;06/01/2022;6,39;R$ / litro;BRANCA
NE;MA;SAO LUIS;GASOLINA;05/01/2022;6,40;R$ / litro;BRANCA
SE;SP;SAO ROQUE;GASOLINA ADITIVADA;05/01/2022;6,41;R$ / litro;BRANCA
NE;PE;GOIANA;GASOLINA;03/01/2022;6,43;R$ / litro;BRANCA
NE;PB;CAMPINA GRANDE;GASOLINA;03/01/2022;6,45;R$ / litro;BRANCA
NE;SE;ARACAJU;GASOLINA;03/01/2022;6,45;R$ / litro;PETROX DISTRIBUIDORA
SE;SP;FRANCA;GASOLINA;03/01/2022;6,45;R$ / litro;BRANCA
S;PR;SAO JOSE DOS PINHAIS;GASOLINA ADITIVADA;04/01/2022;6,45;R$ / litro;IPIRANGA
NE;SE;LAGARTO;GASOLINA ADITIVADA;15/02/2022;6,45;R$ / litro;VIBRA ENERGIA
NE;PB;PATOS;GASOLINA;07/03/2022;6,45;R$ / litro;BRANCA
NE;PE;IGARASSU;GASOLINA;03/01/2022;6,47;R$ / litro;BRANCA
N;PA;ABAETETUBA;GASOLINA;10/01/2022;6,47;R$ / litro;BRANCA
NE;PE;SANTA CRUZ DO CAPIBARIBE;GASOLINA;03/01/2022;6,49;R$ / litro;BRANCA
S;PR;FOZ DO IGUACU;GASOLINA;03/01/2022;6,49;R$ / litro;RAIZEN
S;PR;TOLEDO;GASOLINA;03/01/2022;6,49;R$ / litro;VIBRA ENERGIA
SE;SP;EMBU DAS ARTES;GASOLINA;03/01/2022;6,49;R$ / litro;VIBRA ENERGIA
SE;SP;IBITINGA;GASOLINA;03/01/2022;6,49;R$ / litro;VIBRA ENERGIA
SE;SP;TABOAO DA SERRA;GASOLINA;03/01/2022;6,49;R$ / litro;VIBRA ENERGIA
NE;AL;MACEIO;GASOLINA;03/01/2022;6,49;R$ / litro;RAIZEN
NE;PB;JOAO PESSOA;GASOLINA;03/01/2022;6,49;R$ / litro;RAIZEN
S;SC;BALNEARIO CAMBORIU;GASOLINA;03/01/2022;6,49;R$ / litro;IPIRANGA
SE;SP;PARAGUACU PAULISTA;GASOLINA;03/01/2022;6,49;R$ / litro;VIBRA ENERGIA
SE;SP;COTIA;GASOLINA ADITIVADA;04/01/2022;6,49;R$ / litro;RAIZEN
SE;SP;RIBEIRAO PRETO;GASOLINA ADITIVADA;05/01/2022;6,49;R$ / litro;RAIZEN
SE;SP;SERTAOZINHO;GASOLINA;05/01/2022;6,49;R$ / litro;RAIZEN
SE;SP;SOROCABA;GASOLINA ADITIVADA;05/01/2022;6,49;R$ / litro;RAIZEN
SE;SP;MAUA;GASOLINA ADITIVADA;06/01/2022;6,49;R$ / litro;IPIRANGA
S;RS;TORRES;GASOLINA;10/01/2022;6,49;R$ / litro;RAIZEN
N;AM;PARINTINS;DIESEL S10;10/02/2022;6,49;R$ / litro;IPIRANGA
N;TO;PARAISO DO TOCANTINS;DIESEL S10;13/04/2022;6,49;R$ / litro;VIBRA ENERGIA
NE;PE;ARCOVERDE;DIESEL S10;26/04/2022;6,49;R$ / litro;BRANCA
SE;ES;SERRA;GASOLINA;03/01/2022;6,52;R$ / litro;VIBRA ENERGIA
S;PR;UMUARAMA;GASOLINA;03/01/2022;6,52;R$ / litro;BRANCA
S;PR;MARINGA;GASOLINA;03/01/2022;6,53;R$ / litro;BRANCA
S;SC;VIDEIRA;GASOLINA;10/01/2022;6,53;R$ / litro;BRANCA
NE;BA;SALVADOR;GASOLINA;03/01/2022;6,55;R$ / litro;VIBRA ENERGIA
N;AP;SANTANA;GASOLINA;02/05/2022;6,55;R$ / litro;VIBRA ENERGIA
CO;MT;SINOP;GASOLINA ADITIVADA;04/01/2022;6,57;R$ / litro;BRANCA
NE;PE;BELO JARDIM;GASOLINA;03/01/2022;6,58;R$ / litro;RAIZEN
NE;PB;CABEDELO;GASOLINA;05/01/2022;6,58;R$ / litro;IPIRANGA
S;RS;CAXIAS DO SUL;GASOLINA;03/01/2022;6,59;R$ / litro;RODOIL
CO;GO;ANAPOLIS;GASOLINA;05/01/2022;6,59;R$ / litro;ALESAT
CO;MT;SORRISO;GASOLINA;10/01/2022;6,59;R$ / litro;BRANCA
CO;MT;RONDONOPOLIS;GASOLINA ADITIVADA;13/01/2022;6,59;R$ / litro;BRANCA
NE;PB;BAYEUX;GASOLINA;03/01/2022;6,61;R$ / litro;VIBRA ENERGIA
SE;ES;CARIACICA;GASOLINA;05/01/2022;6,63;R$ / litro;BRANCA
S;PR;SANTO ANTONIO DA PLATINA;GASOLINA;18/01/2022;6,63;R$ / litro;BRANCA
NE;CE;CAUCAIA;GASOLINA;05/01/2022;6,64;R$ / litro;RAIZEN
SE;MG;BOM DESPACHO;GASOLINA;06/01/2022;6,64;R$ / litro;BRANCA
S;SC;PALHOCA;GASOLINA;07/01/2022;6,64;R$ / litro;IPIRANGA
SE;SP;SALTO;GASOLINA ADITIVADA;12/01/2022;6,64;R$ / litro;RAIZEN
SE;ES;VILA VELHA;GASOLINA;05/01/2022;6,65;R$ / litro;VIBRA ENERGIA
S;SC;FLORIANOPOLIS;GASOLINA ADITIVADA;06/01/2022;6,65;R$ / litro;ALESAT
CO;GO;RIO VERDE;GASOLINA;03/01/2022;6,67;R$ / litro;IPIRANGA
SE;MG;BARBACENA;GASOLINA;05/01/2022;6,67;R$ / litro;TOTALENERGIES
SE;SP;RIBEIRAO PIRES;GASOLINA ADITIVADA;06/01/2022;6,67;R$ / litro;IPIRANGA
N;PA;BRAGANCA;GASOLINA;11/01/2022;6,67;R$ / litro;ALESAT
CO;GO;ITUMBIARA;GASOLINA;03/01/2022;6,68;R$ / litro;BRANCA
S;RS;SANTA ROSA;GASOLINA;03/01/2022;6,68;R$ / litro;RODOIL
NE;AL;ARAPIRACA;GASOLINA;03/01/2022;6,69;R$ / litro;VIBRA ENERGIA
CO;GO;TRINDADE;GASOLINA;03/01/2022;6,69;R$ / litro;BRANCA
NE;PI;TERESINA;GASOLINA;03/01/2022;6,69;R$ / litro;IPIRANGA
SE;SP;ATIBAIA;GASOLINA ADITIVADA;04/01/2022;6,69;R$ / litro;IPIRANGA
NE;CE;JUAZEIRO DO NORTE;GASOLINA;05/01/2022;6,69;R$ / litro;VIBRA ENERGIA
SE;MG;UBERLANDIA;GASOLINA;05/01/2022;6,69;R$ / litro;RAIZEN
SE;MG;ARAGUARI;GASOLINA;05/01/2022;6,69;R$ / litro;BRANCA
S;SC;LAGES;GASOLINA ADITIVADA;06/01/2022;6,69;R$ / litro;VIBRA ENERGIA
S;RS;URUGUAIANA;GASOLINA;10/01/2022;6,69;R$ / litro;IPIRANGA
S;RS;RIO GRANDE;GASOLINA;10/01/2022;6,69;R$ / litro;RODOIL
N;TO;PORTO NACIONAL;GASOLINA;18/01/2022;6,69;R$ / litro;BRANCA
CO;MS;NOVA ANDRADINA;GASOLINA;07/02/2022;6,69;R$ / litro;RAIZEN
SE;RJ;MARICA;GASOLINA ADITIVADA;23/02/2022;6,69;R$ / litro;BRANCA
N;AC;CRUZEIRO DO SUL;DIESEL;06/01/2022;6,70;R$ / litro;VIBRA ENERGIA
S;RS;CRUZ ALTA;GASOLINA ADITIVADA;04/01/2022;6,71;R$ / litro;BRANCA
SE;RJ;SAPUCAIA;DIESEL;08/06/2022;6,72;R$ / litro;IPIRANGA
S;RS;GUAIBA;GASOLINA;03/01/2022;6,73;R$ / litro;IPIRANGA
SE;SP;SANTOS;GASOLINA;03/01/2022;6,74;R$ / litro;BRANCA
NE;BA;GUANAMBI;GASOLINA;03/01/2022;6,74;R$ / litro;BRANCA
CO;GO;VALPARAISO DE GOIAS;GASOLINA;03/01/2022;6,75;R$ / litro;IPIRANGA
CO;DF;BRASILIA;GASOLINA ADITIVADA;04/01/2022;6,75;R$ / litro;BRANCA
CO;GO;LUZIANIA;GASOLINA;05/01/2022;6,75;R$ / litro;BRANCA
SE;SP;JUNDIAI;GASOLINA ADITIVADA;06/01/2022;6,75;R$ / litro;RAIZEN
NE;AL;PALMEIRA DOS INDIOS;GASOLINA;11/01/2022;6,75;R$ / litro;VIBRA ENERGIA
NE;BA;SERRINHA;GASOLINA ADITIVADA;12/01/2022;6,75;R$ / litro;VIBRA ENERGIA
NE;CE;MARACANAU;GASOLINA;03/01/2022;6,77;R$ / litro;IPIRANGA
SE;ES;ARACRUZ;GASOLINA;03/01/2022;6,77;R$ / litro;BRANCA
SE;MG;CONTAGEM;GASOLINA;03/01/2022;6,78;R$ / litro;IPIRANGA
N;PA;BELEM;GASOLINA;03/01/2022;6,79;R$ / litro;IPIRANGA
S;PR;CASCAVEL;GASOLINA;03/01/2022;6,79;R$ / litro;VIBRA ENERGIA
S;RS;LAJEADO;GASOLINA;03/01/2022;6,79;R$ / litro;VIBRA ENERGIA
SE;MG;UBERABA;GASOLINA;03/01/2022;6,79;R$ / litro;RIO BRANCO
N;PA;SANTAREM;GASOLINA;03/01/2022;6,79;R$ / litro;SABBÁ
NE;PE;OLINDA;GASOLINA ADITIVADA;06/01/2022;6,79;R$ / litro;VIBRA ENERGIA
CO;GO;CATALAO;GASOLINA;02/02/2022;6,79;R$ / litro;BRANCA
SE;MG;JANAUBA;DIESEL;14/03/2022;6,79;R$ / litro;VIBRA ENERGIA
S;RS;IJUI;GASOLINA;03/01/2022;6,80;R$ / litro;BRANCA
NE;BA;VITORIA DA CONQUISTA;GASOLINA;03/01/2022;6,82;R$ / litro;BRANCA
SE;MG;PATOS DE MINAS;GASOLINA;05/01/2022;6,83;R$ / litro;BRANCA
SE;MG;PARA DE MINAS;GASOLINA;03/01/2022;6,85;R$ / litro;VIBRA ENERGIA
N;TO;GURUPI;GASOLINA;03/01/2022;6,85;R$ / litro;BRANCA
SE;MG;PATROCINIO;GASOLINA;03/01/2022;6,87;R$ / litro;BRANCA
CO;GO;MINEIROS;GASOLINA;03/01/2022;6,87;R$ / litro;RAIZEN
S;SC;CONCORDIA;GASOLINA;13/01/2022;6,87;R$ / litro;RAIZEN MIME
N;AM;ITACOATIARA;GASOLINA;03/01/2022;6,89;R$ / litro;BRANCA
SE;ES;LINHARES;GASOLINA;03/01/2022;6,89;R$ / litro;VIBRA ENERGIA
N;TO;ARAGUAINA;GASOLINA;03/01/2022;6,89;R$ / litro;IPIRANGA
SE;MG;CONSELHEIRO LAFAIETE;GASOLINA;03/01/2022;6,89;R$ / litro;BRANCA
SE;RJ;SAO GONCALO;GASOLINA;03/01/2022;6,89;R$ / litro;BRANCA
CO;GO;AGUAS LINDAS DE GOIAS;GASOLINA;03/01/2022;6,89;R$ / litro;VIBRA ENERGIA
NE;CE;IGUATU;GASOLINA;05/01/2022;6,89;R$ / litro;BRANCA
N;PA;CASTANHAL;GASOLINA;10/01/2022;6,89;R$ / litro;SABBÁ
N;PA;ITAITUBA;GASOLINA ADITIVADA;12/01/2022;6,89;R$ / litro;VIBRA ENERGIA
NE;BA;IRECE;GASOLINA;05/01/2022;6,91;R$ / litro;VIBRA ENERGIA
SE;MG;SAO JOAO DEL REI;GASOLINA;05/01/2022;6,92;R$ / litro;BRANCA
CO;MS;COXIM;GASOLINA;25/01/2022;6,92;R$ / litro;TAURUS
SE;MG;JOAO MONLEVADE;GASOLINA;03/01/2022;6,93;R$ / litro;BRANCA
NE;RN;MOSSORO;GASOLINA;03/01/2022;6,95;R$ / litro;BRANCA
SE;MG;GOVERNADOR VALADARES;GASOLINA ADITIVADA;06/01/2022;6,95;R$ / litro;IPIRANGA
SE;MG;TIMOTEO;GASOLINA ADITIVADA;06/01/2022;6,95;R$ / litro;BRANCA
SE;MG;GUAXUPE;GASOLINA;10/01/2022;6,95;R$ / litro;BRANCA
CO;GO;JATAI;GASOLINA;03/01/2022;6,96;R$ / litro;MASUT DISTRIBUIDORA
CO;GO;CALDAS NOVAS;GASOLINA;03/01/2022;6,97;R$ / litro;IPIRANGA
SE;RJ;TERESOPOLIS;GASOLINA;03/01/2022;6,97;R$ / litro;BRANCA
S;RS;VACARIA;GASOLINA;03/01/2022;6,97;R$ / litro;BRANCA
NE;CE;LIMOEIRO DO NORTE;GASOLINA;05/01/2022;6,97;R$ / litro;VIBRA ENERGIA
SE;MG;POCOS DE CALDAS;GASOLINA ADITIVADA;04/01/2022;6,98;R$ / litro;BRANCA
SE;MG;FORMIGA;GASOLINA;05/01/2022;6,98;R$ / litro;VIBRA ENERGIA
SE;MG;PARACATU;GASOLINA;05/01/2022;6,98;R$ / litro;BRANCA
N;AC;RIO BRANCO;GASOLINA;03/01/2022;6,99;R$ / litro;VIBRA ENERGIA
SE;MG;DIVINOPOLIS;GASOLINA;03/01/2022;6,99;R$ / litro;VIBRA ENERGIA
SE;MG;MONTES CLAROS;GASOLINA;03/01/2022;6,99;R$ / litro;VIBRA ENERGIA
N;PA;ALTAMIRA;GASOLINA;03/01/2022;6,99;R$ / litro;BRANCA
S;RS;SANTO ANGELO;GASOLINA;03/01/2022;6,99;R$ / litro;IPIRANGA
NE;BA;BRUMADO;GASOLINA;03/01/2022;6,99;R$ / litro;RAIZEN
CO;GO;FORMOSA;GASOLINA;03/01/2022;6,99;R$ / litro;VIBRA ENERGIA
NE;BA;ITABUNA;GASOLINA;03/01/2022;6,99;R$ / litro;BRANCA
SE;MG;ITAUNA;GASOLINA;05/01/2022;6,99;R$ / litro;IPIRANGA
SE;MG;POUSO ALEGRE;GASOLINA;05/01/2022;6,99;R$ / litro;BRANCA
SE;MG;CORONEL FABRICIANO;GASOLINA;05/01/2022;6,99;R$ / litro;VIBRA ENERGIA
SE;MG;LAVRAS;GASOLINA ADITIVADA;06/01/2022;6,99;R$ / litro;BRANCA
SE;MG;ARAXA;GASOLINA;10/01/2022;6,99;R$ / litro;IPIRANGA
SE;MG;VARGINHA;GASOLINA;12/01/2022;6,99;R$ / litro;VIBRA ENERGIA
SE;RJ;ITAGUAI;GASOLINA;12/01/2022;6,99;R$ / litro;VIBRA ENERGIA
NE;RN;CAICO;GASOLINA;18/01/2022;6,99;R$ / litro;VIBRA ENERGIA
SE;MG;ITAJUBA;GASOLINA;02/02/2022;6,99;R$ / litro;BRANCA
CO;GO;PORANGATU;GASOLINA;08/02/2022;6,99;R$ / litro;BRANCA
NE;CE;SOBRAL;GASOLINA;21/02/2022;6,99;R$ / litro;IPIRANGA
S;RS;GRAMADO;GASOLINA;21/02/2022;6,99;R$ / litro;BRANCA
NE;BA;ILHEUS;GASOLINA;03/01/2022;7,05;R$ / litro;BRANCA
CO;MS;CORUMBA;GASOLINA;10/01/2022;7,07;R$ / litro;RAIZEN
SE;MG;UNAI;GASOLINA ADITIVADA;06/01/2022;7,09;R$ / litro;BRANCA
SE;RJ;CAMPOS DOS GOYTACAZES;GASOLINA;06/01/2022;7,09;R$ / litro;BRANCA
SE;MG;FRUTAL;GASOLINA;02/02/2022;7,09;R$ / litro;BRANCA
NE;BA;POCOES;GASOLINA;02/02/2022;7,10;R$ / litro;VIBRA ENERGIA
NE;PI;PICOS;GASOLINA;08/02/2022;7,10;R$ / litro;BRANCA
NE;CE;ITAPIPOCA;GASOLINA;03/01/2022;7,12;R$ / litro;ALESAT
SE;MG;TEOFILO OTONI;GASOLINA;03/01/2022;7,12;R$ / litro;BRANCA
S;RS;SANTANA DO LIVRAMENTO;GASOLINA ADITIVADA;01/02/2022;7,12;R$ / litro;IPIRANGA
SE;MG;MURIAE;GASOLINA;03/01/2022;7,19;R$ / litro;VIBRA ENERGIA
SE;MG;UBA;GASOLINA;03/01/2022;7,19;R$ / litro;VIBRA ENERGIA
S;RS;PELOTAS;GASOLINA;03/01/2022;7,19;R$ / litro;RODOIL
N;PA;PARAGOMINAS;GASOLINA;17/01/2022;7,19;R$ / litro;BRANCA
NE;BA;JACOBINA;DIESEL S10;14/04/2022;7,19;R$ / litro;RAIZEN
NE;BA;TEIXEIRA DE FREITAS;DIESEL S10;14/04/2022;7,19;R$ / litro;BRANCA
S;PR;ARAUCARIA;GASOLINA;26/05/2022;7,19;R$ / litro;VIBRA ENERGIA
SE;MG;MANHUACU;GASOLINA;03/01/2022;7,21;R$ / litro;RAIZEN
SE;MG;PASSOS;GASOLINA ADITIVADA;06/01/2022;7,24;R$ / litro;BRANCA
N;PA;REDENCAO;GASOLINA ADITIVADA;13/01/2022;7,24;R$ / litro;BRANCA
SE;MG;JUIZ DE FORA;GASOLINA;03/01/2022;7,25;R$ / litro;RAIZEN
N;AM;TEFE;GASOLINA;03/01/2022;7,25;R$ / litro;BRANCA
SE;MG;JANUARIA;GASOLINA;05/01/2022;7,25;R$ / litro;RAIZEN
SE;RJ;RESENDE;GASOLINA ADITIVADA;06/01/2022;7,25;R$ / litro;VIBRA ENERGIA
SE;MG;VICOSA;GASOLINA;03/01/2022;7,28;R$ / litro;VIBRA ENERGIA
SE;RJ;MESQUITA;GASOLINA;21/02/2022;7,29;R$ / litro;BRANCA
N;RO;ARIQUEMES;GASOLINA;07/04/2022;7,29;R$ / litro;VIBRA ENERGIA
SE;RJ;ITAPERUNA;GASOLINA;03/01/2022;7,38;R$ / litro;VIBRA ENERGIA
SE;RJ;NOVA FRIBURGO;GASOLINA;03/01/2022;7,39;R$ / litro;VIBRA ENERGIA
SE;RJ;SAO FRANCISCO DE ITABAPOANA;GASOLINA;03/01/2022;7,39;R$ / litro;BRANCA
SE;ES;CACHOEIRO DE ITAPEMIRIM;GASOLINA ADITIVADA;13/01/2022;7,39;R$ / litro;BRANCA
NE;MA;CAXIAS;GASOLINA;05/04/2022;7,39;R$ / litro;BRANCA
NE;BA;CAETITE;GASOLINA;18/01/2022;7,40;R$ / litro;RAIZEN
NE;MA;BACABAL;GASOLINA;12/04/2022;7,42;R$ / litro;BRANCA
NE;MA;ACAILANDIA;GASOLINA;14/04/2022;7,45;R$ / litro;BRANCA
NE;BA;JAGUAQUARA;GASOLINA;20/04/2022;7,48;R$ / litro;BRANCA
SE;RJ;BARRA MANSA;GASOLINA;03/01/2022;7,49;R$ / litro;VIBRA ENERGIA
SE;MG;TRES CORACOES;GASOLINA ADITIVADA;13/01/2022;7,49;R$ / litro;VIBRA ENERGIA
NE;BA;SANTO ANTONIO DE JESUS;GASOLINA ADITIVADA;06/04/2022;7,49;R$ / litro;BRANCA
SE;RJ;MACAE;GASOLINA ADITIVADA;23/02/2022;7,64;R$ / litro;RAIZEN
SE;MG;NOVA LIMA;GASOLINA;04/05/2022;7,64;R$ / litro;BRANCA
NE;MA;CODO;GASOLINA;04/04/2022;7,65;R$ / litro;BRANCA
SE;RJ;CABO FRIO;GASOLINA;04/02/2022;7,69;R$ / litro;VIBRA ENERGIA
SE;MG;LEOPOLDINA;GASOLINA;14/03/2022;7,69;R$ / litro;BRANCA
NE;MA;BALSAS;GASOLINA;14/02/2022;7,75;R$ / litro;SABBÁ
NE;CE;ICO;GASOLINA;05/04/2022;7,75;R$ / litro;BRANCA
SE;MG;CARATINGA;GASOLINA;12/04/2022;7,78;R$ / litro;BRANCA
NE;CE;CANINDE;GASOLINA;17/05/2022;7,78;R$ / litro;BRANCA
SE;RJ;TRES RIOS;GASOLINA;04/02/2022;7,79;R$ / litro;IPIRANGA
NE;BA;ITAMARAJU;GASOLINA;13/04/2022;7,79;R$ / litro;BRANCA
NE;BA;PORTO SEGURO;GASOLINA;13/04/2022;7,79;R$ / litro;IPIRANGA
NE;PE;SALGUEIRO;GASOLINA;10/05/2022;7,84;R$ / litro;BRANCA
SE;RJ;SANTO ANTONIO DE PADUA;GASOLINA;05/04/2022;7,85;R$ / litro;BRANCA
SE;RJ;ANGRA DOS REIS;GASOLINA;03/01/2022;7,89;R$ / litro;IPIRANGA
SE;RJ;MAGE;GASOLINA;09/06/2022;7,89;R$ / litro;BRANCA
NE;BA;IPIRA;GASOLINA;26/05/2022;7,94;R$ / litro;VIBRA ENERGIA
SE;MG;OURO PRETO;GASOLINA ADITIVADA;12/01/2022;7,97;R$ / litro;BRANCA
NE;BA;LIVRAMENTO DE NOSSA SENHORA;GASOLINA;26/05/2022;8,28;R$ / litro;BRANCA
