Regiao_Sigla;Estado_Sigla;Municipio;Produto;Data_da_Coleta;Valor_de_Venda;Unidade_de_Medida;Bandeira
N;AC;RIO BRANCO;GASOLINA;03/01/2022;6,99;R$ / litro;VIBRA ENERGIA
NE;AL;ARAPIRACA;GASOLINA;03/01/2022;6,69;R$ / litro;VIBRA ENERGIA
N;AM;ITACOATIARA;GASOLINA;03/01/2022;6,89;R$ / litro;BRANCA
NE;BA;ILHEUS;GASOLINA;03/01/2022;7,05;R$ / litro;BRANCA
NE;BA;SALVADOR;GASOLINA;03/01/2022;6,55;R$ / litro;VIBRA ENERGIA
NE;CE;ITAPIPOCA;GASOLINA;03/01/2022;7,12;R$ / litro;ALESAT
NE;CE;MARACANAU;GASOLINA;03/01/2022;6,77;R$ / litro;IPIRANGA
SE;ES;ARACRUZ;GASOLINA;03/01/2022;6,77;R$ / litro;BRANCA
SE;ES;LINHARES;GASOLINA;03/01/2022;6,89;R$ / litro;VIBRA ENERGIA
SE;ES;SERRA;GASOLINA;03/01/2022;6,52;R$ / litro;VIBRA ENERGIA
N;TO;ARAGUAINA;GASOLINA;03/01/2022;6,89;R$ / litro;IPIRANGA
CO;GO;CALDAS NOVAS;GASOLINA;03/01/2022;6,97;R$ / litro;IPIRANGA
CO;GO;ITUMBIARA;GASOLINA;03/01/2022;6,68;R$ / litro;BRANCA
CO;GO;RIO VERDE;GASOLINA;03/01/2022;6,67;R$ / litro;IPIRANGA
CO;GO;TRINDADE;GASOLINA;03/01/2022;6,69;R$ / litro;BRANCA
SE;MG;CONSELHEIRO LAFAIETE;GASOLINA;03/01/2022;6,89;R$ / litro;BRANCA
SE;MG;CONTAGEM;GASOLINA;03/01/2022;6,78;R$ / litro;IPIRANGA
SE;MG;DIVINOPOLIS;GASOLINA;03/01/2022;6,99;R$ / litro;VIBRA ENERGIA
SE;MG;JOAO MONLEVADE;GASOLINA;03/01/2022;6,93;R$ / litro;BRANCA
SE;MG;JUIZ DE FORA;GASOLINA;03/01/2022;7,25;R$ / litro;RAIZEN
SE;MG;MONTES CLAROS;GASOLINA;03/01/2022;6,99;R$ / litro;VIBRA ENERGIA
SE;MG;PARA DE MINAS;GASOLINA;03/01/2022;6,85;R$ / litro;VIBRA ENERGIA
SE;MG;PATROCINIO;GASOLINA;03/01/2022;6,87;R$ / litro;BRANCA
CO;MS;DOURADOS;GASOLINA;03/01/2022;6,19;R$ / litro;TAURUS
CO;MT;CACERES;GASOLINA;03/01/2022;6,26;R$ / litro;BRANCA
CO;MT;CUIABA;GASOLINA;03/01/2022;6,37;R$ / litro;BRANCA
N;PA;ALTAMIRA;GASOLINA;03/01/2022;6,99;R$ / litro;BRANCA
N;PA;BELEM;GASOLINA;03/01/2022;6,79;R$ / litro;IPIRANGA
NE;PB;BAYEUX;GASOLINA;03/01/2022;6,61;R$ / litro;VIBRA ENERGIA
NE;PB;CAMPINA GRANDE;GASOLINA;03/01/2022;6,45;R$ / litro;BRANCA
NE;PE;BELO JARDIM;GASOLINA;03/01/2022;6,58;R$ / litro;RAIZEN
NE;PE;GOIANA;GASOLINA;03/01/2022;6,43;R$ / litro;BRANCA
NE;PE;SANTA CRUZ DO CAPIBARIBE;GASOLINA;03/01/2022;6,49;R$ / litro;BRANCA
NE;PI;TERESINA;GASOLINA;03/01/2022;6,69;R$ / litro;IPIRANGA
S;PR;CASCAVEL;GASOLINA;03/01/2022;6,79;R$ / litro;VIBRA ENERGIA
S;PR;FOZ DO IGUACU;GASOLINA;03/01/2022;6,49;R$ / litro;RAIZEN
S;PR;TOLEDO;GASOLINA;03/01/2022;6,49;R$ / litro;VIBRA ENERGIA
S;PR;UMUARAMA;GASOLINA;03/01/2022;6,52;R$ / litro;BRANCA
SE;RJ;ANGRA DOS REIS;GASOLINA;03/01/2022;7,89;R$ / litro;IPIRANGA
SE;RJ;ITAPERUNA;GASOLINA;03/01/2022;7,38;R$ / litro;VIBRA ENERGIA
SE;RJ;NITEROI;GNV;03/01/2022;4,19;R$ / m³;IPIRANGA
SE;RJ;SAO GONCALO;GASOLINA;03/01/2022;6,89;R$ / litro;BRANCA
SE;RJ;TERESOPOLIS;GASOLINA;03/01/2022;6,97;R$ / litro;BRANCA
S;RS;CAXIAS DO SUL;GASOLINA;03/01/2022;6,59;R$ / litro;RODOIL
S;RS;LAJEADO;GASOLINA;03/01/2022;6,79;R$ / litro;VIBRA ENERGIA
S;RS;SANTA ROSA;GASOLINA;03/01/2022;6,68;R$ / litro;RODOIL
S;RS;SANTO ANGELO;GASOLINA;03/01/2022;6,99;R$ / litro;IPIRANGA
S;RS;VACARIA;GASOLINA;03/01/2022;6,97;R$ / litro;BRANCA
NE;SE;ARACAJU;GASOLINA;03/01/2022;6,45;R$ / litro;PETROX DISTRIBUIDORA
SE;SP;CARAGUATATUBA;GASOLINA;03/01/2022;6,39;R$ / litro;BRANCA
SE;SP;CATANDUVA;GASOLINA;03/01/2022;6,34;R$ / litro;BRANCA
SE;SP;VOTUPORANGA;GASOLINA;03/01/2022;6,19;R$ / litro;BRANCA
SE;SP;DIADEMA;GASOLINA;03/01/2022;6,29;R$ / litro;VIBRA ENERGIA
SE;SP;EMBU DAS ARTES;GASOLINA;03/01/2022;6,49;R$ / litro;VIBRA ENERGIA
SE;SP;HORTOLANDIA;GASOLINA;03/01/2022;6,19;R$ / litro;BRANCA
SE;SP;IBITINGA;GASOLINA;03/01/2022;6,49;R$ / litro;VIBRA ENERGIA
SE;SP;MARILIA;GASOLINA;03/01/2022;6,19;R$ / litro;IPIRANGA
SE;SP;MOCOCA;GASOLINA;03/01/2022;6,29;R$ / litro;BRANCA
SE;SP;PRESIDENTE VENCESLAU;GASOLINA;03/01/2022;6,19;R$ / litro;BRANCA
SE;SP;SANTO ANDRE;GASOLINA;03/01/2022;6,39;R$ / litro;VIBRA ENERGIA
SE;SP;SANTOS;GASOLINA;03/01/2022;6,74;R$ / litro;BRANCA
SE;SP;SAO CAETANO DO SUL;GASOLINA;03/01/2022;6,29;R$ / litro;IPIRANGA
SE;SP;SAO JOAO DA BOA VISTA;GASOLINA;03/01/2022;6,09;R$ / litro;BRANCA
SE;SP;SAO VICENTE;GASOLINA;03/01/2022;6,29;R$ / litro;RAIZEN
SE;SP;TABOAO DA SERRA;GASOLINA;03/01/2022;6,49;R$ / litro;VIBRA ENERGIA
NE;AL;MACEIO;GASOLINA;03/01/2022;6,49;R$ / litro;RAIZEN
N;AM;TEFE;GASOLINA;03/01/2022;7,25;R$ / litro;BRANCA
NE;BA;BRUMADO;GASOLINA;03/01/2022;6,99;R$ / litro;RAIZEN
NE;BA;GUANAMBI;GASOLINA;03/01/2022;6,74;R$ / litro;BRANCA
NE;BA;VITORIA DA CONQUISTA;GASOLINA;03/01/2022;6,82;R$ / litro;BRANCA
CO;GO;FORMOSA;GASOLINA;03/01/2022;6,99;R$ / litro;VIBRA ENERGIA
N;TO;GURUPI;GASOLINA;03/01/2022;6,85;R$ / litro;BRANCA
CO;GO;JATAI;GASOLINA;03/01/2022;6,96;R$ / litro;MASUT DISTRIBUIDORA
CO;GO;MINEIROS;GASOLINA;03/01/2022;6,87;R$ / litro;RAIZEN
SE;MG;MANHUACU;GASOLINA;03/01/2022;7,21;R$ / litro;RAIZEN
SE;MG;MURIAE;GASOLINA;03/01/2022;7,19;R$ / litro;VIBRA ENERGIA
SE;MG;TEOFILO OTONI;GASOLINA;03/01/2022;7,12;R$ / litro;BRANCA
SE;MG;UBA;GASOLINA;03/01/2022;7,19;R$ / litro;VIBRA ENERGIA
SE;MG;UBERABA;GASOLINA;03/01/2022;6,79;R$ / litro;RIO BRANCO
SE;MG;VICOSA;GASOLINA;03/01/2022;7,28;R$ / litro;VIBRA ENERGIA
N;PA;SANTAREM;GASOLINA;03/01/2022;6,79;R$ / litro;SABBÁ
NE;PB;JOAO PESSOA;GASOLINA;03/01/2022;6,49;R$ / litro;RAIZEN
NE;PE;IGARASSU;GASOLINA;03/01/2022;6,47;R$ / litro;BRANCA
S;PR;MARINGA;GASOLINA;03/01/2022;6,53;R$ / litro;BRANCA
S;PR;PARANAGUA;GASOLINA;03/01/2022;6,39;R$ / litro;RAIZEN
SE;RJ;BARRA MANSA;GASOLINA;03/01/2022;7,49;R$ / litro;VIBRA ENERGIA
SE;RJ;NOVA FRIBURGO;GASOLINA;03/01/2022;7,39;R$ / litro;VIBRA ENERGIA
NE;RN;MOSSORO;GASOLINA;03/01/2022;6,95;R$ / litro;BRANCA
S;RS;GUAIBA;GASOLINA;03/01/2022;6,73;R$ / litro;IPIRANGA
S;RS;IJUI;GASOLINA;03/01/2022;6,8;R$ / litro;BRANCA
S;SC;BALNEARIO CAMBORIU;GASOLINA;03/01/2022;6,49;R$ / litro;IPIRANGA
S;SC;ITAJAI;GASOLINA;03/01/2022;6,29;R$ / litro;BRANCA
SE;SP;ARARAS;GASOLINA;03/01/2022;6,29;R$ / litro;BRANCA
SE;SP;BEBEDOURO;GASOLINA;03/01/2022;6,39;R$ / litro;RAIZEN
SE;SP;CAMPINAS;GASOLINA;03/01/2022;6,09;R$ / litro;IPIRANGA
SE;SP;FRANCA;GASOLINA;03/01/2022;6,45;R$ / litro;BRANCA
SE;SP;INDAIATUBA;GASOLINA;03/01/2022;6,37;R$ / litro;VIBRA ENERGIA
SE;SP;LEME;GASOLINA;03/01/2022;6,29;R$ / litro;IPIRANGA
SE;SP;LINS;GASOLINA;03/01/2022;6,29;R$ / litro;IPIRANGA
SE;SP;PARAGUACU PAULISTA;GASOLINA;03/01/2022;6,49;R$ / litro;VIBRA ENERGIA
SE;SP;PIRASSUNUNGA;GASOLINA;03/01/2022;6,39;R$ / litro;IPIRANGA
SE;SP;PORTO FERREIRA;GASOLINA;03/01/2022;6,27;R$ / litro;BRANCA
SE;SP;PRAIA GRANDE;GASOLINA;03/01/2022;5,99;R$ / litro;BRANCA
SE;SP;PRESIDENTE PRUDENTE;GASOLINA;03/01/2022;6,09;R$ / litro;BRANCA
SE;SP;SAO BERNARDO DO CAMPO;GASOLINA;03/01/2022;6,39;R$ / litro;RAIZEN
SE;SP;SAO CARLOS;GASOLINA;03/01/2022;6,37;R$ / litro;BRANCA
SE;SP;SUMARE;GASOLINA;03/01/2022;6,15;R$ / litro;BRANCA
CO;GO;AGUAS LINDAS DE GOIAS;GASOLINA;03/01/2022;6,89;R$ / litro;VIBRA ENERGIA
S;RS;PELOTAS;GASOLINA;03/01/2022;7,19;R$ / litro;RODOIL
CO;GO;VALPARAISO DE GOIAS;GASOLINA;03/01/2022;6,75;R$ / litro;IPIRANGA
SE;SP;OURINHOS;GASOLINA;03/01/2022;6,09;R$ / litro;BRANCA
NE;BA;ITABUNA;GASOLINA;03/01/2022;6,99;R$ / litro;BRANCA
SE;SP;PAULINIA;GASOLINA;03/01/2022;6,19;R$ / litro;VIBRA ENERGIA
S;PR;COLOMBO;GASOLINA;03/01/2022;6,19;R$ / litro;IPIRANGA
SE;RJ;SAO FRANCISCO DE ITABAPOANA;GASOLINA;03/01/2022;7,39;R$ / litro;BRANCA
NE;AL;DELMIRO GOUVEIA;DIESEL S10;04/01/2022;5,93;R$ / litro;VIBRA ENERGIA
N;AP;MACAPA;DIESEL;04/01/2022;5,33;R$ / litro;BRANCA
NE;CE;CRATEUS;DIESEL S10;04/01/2022;5,94;R$ / litro;SP
NE;CE;QUIXADA;DIESEL S10;04/01/2022;5,79;R$ / litro;RAIZEN
CO;DF;BRASILIA;GASOLINA ADITIVADA;04/01/2022;6,75;R$ / litro;BRANCA
SE;ES;GUARAPARI;DIESEL S10;04/01/2022;5,29;R$ / litro;VIBRA ENERGIA
SE;ES;SAO MATEUS;DIESEL S10;04/01/2022;5,19;R$ / litro;VIBRA ENERGIA
SE;ES;VITORIA;GNV;04/01/2022;4,49;R$ / m³;RAIZEN
CO;GO;APARECIDA DE GOIANIA;DIESEL;04/01/2022;5,29;R$ / litro;BRANCA
CO;GO;GOIANIA;DIESEL;04/01/2022;5,29;R$ / litro;RIO BRANCO
CO;GO;MORRINHOS;DIESEL S10;04/01/2022;5,44;R$ / litro;BRANCA
N;TO;PALMAS;DIESEL S10;04/01/2022;5,19;R$ / litro;BRANCA
SE;MG;ALFENAS;DIESEL S10;04/01/2022;5,69;R$ / litro;BRANCA
SE;MG;BETIM;DIESEL S10;04/01/2022;5,28;R$ / litro;IPIRANGA
SE;MG;IPATINGA;DIESEL S10;04/01/2022;5,39;R$ / litro;VIBRA ENERGIA
SE;MG;JOAO PINHEIRO;DIESEL S10;04/01/2022;5,13;R$ / litro;BRANCA
SE;MG;OLIVEIRA;ETANOL;04/01/2022;5,29;R$ / litro;RAIZEN
SE;MG;POCOS DE CALDAS;GASOLINA ADITIVADA;04/01/2022;6,98;R$ / litro;BRANCA
SE;MG;SAO SEBASTIAO DO PARAISO;DIESEL S10;04/01/2022;5,49;R$ / litro;VIBRA ENERGIA
SE;MG;SETE LAGOAS;DIESEL;04/01/2022;5,04;R$ / litro;BRANCA
CO;MS;PONTA PORA;DIESEL S10;04/01/2022;5,39;R$ / litro;BRANCA
CO;MS;TRES LAGOAS;DIESEL S10;04/01/2022;5,49;R$ / litro;BRANCA
CO;MT;ALTA FLORESTA;DIESEL;04/01/2022;6,31;R$ / litro;VIBRA ENERGIA
CO;MT;SINOP;GASOLINA ADITIVADA;04/01/2022;6,57;R$ / litro;BRANCA
N;PA;CAMETA;DIESEL;04/01/2022;5,4;R$ / litro;BRANCA
N;PA;CONCEICAO DO ARAGUAIA;DIESEL S10;04/01/2022;6;R$ / litro;BRANCA
N;PA;MARABA;DIESEL S10;04/01/2022;5,56;R$ / litro;BRANCA
NE;PB;SOUSA;DIESEL S10;04/01/2022;5,68;R$ / litro;TEMAPE
NE;PE;ARARIPINA;DIESEL S10;04/01/2022;5,38;R$ / litro;VIBRA ENERGIA
NE;PE;GARANHUNS;DIESEL S10;04/01/2022;5,19;R$ / litro;RAIZEN
NE;PE;JABOATAO DOS GUARARAPES;GNV;04/01/2022;3,95;R$ / m³;BRANCA
NE;PE;PAULISTA;DIESEL S10;04/01/2022;5,49;R$ / litro;VIBRA ENERGIA
NE;PE;PETROLINA;DIESEL;04/01/2022;5,56;R$ / litro;VIBRA ENERGIA
S;PR;CAMPO MOURAO;ETANOL;04/01/2022;4,92;R$ / litro;BRANCA
S;PR;CORNELIO PROCOPIO;DIESEL;04/01/2022;5,04;R$ / litro;RAIZEN
S;PR;FRANCISCO BELTRAO;DIESEL S10;04/01/2022;5,09;R$ / litro;IPIRANGA
S;PR;PINHAIS;DIESEL S10;04/01/2022;4,95;R$ / litro;UNI
SE;RJ;NOVA IGUACU;DIESEL S10;04/01/2022;5,19;R$ / litro;BRANCA
SE;RJ;BELFORD ROXO;GNV;04/01/2022;4,19;R$ / m³;IPIRANGA
SE;RJ;RIO DE JANEIRO;GNV;04/01/2022;3,99;R$ / m³;BRANCA
SE;RJ;SAO JOAO DE MERITI;GNV;04/01/2022;4,09;R$ / m³;RAIZEN
SE;RJ;SAQUAREMA;GNV;04/01/2022;5,49;R$ / m³;RAIZEN
SE;RJ;VOLTA REDONDA;DIESEL S10;04/01/2022;5,29;R$ / litro;BRANCA
NE;RN;NATAL;DIESEL S10;04/01/2022;5,99;R$ / litro;ALESAT
N;RO;CACOAL;DIESEL S10;04/01/2022;5,52;R$ / litro;VIBRA ENERGIA
N;RO;PIMENTA BUENO;DIESEL S10;04/01/2022;5,7;R$ / litro;VIBRA ENERGIA
N;RO;PORTO VELHO;DIESEL S10;04/01/2022;5,59;R$ / litro;SABBÁ
S;RS;PASSO FUNDO;DIESEL S10;04/01/2022;5,29;R$ / litro;VIBRA ENERGIA
S;SC;BLUMENAU;DIESEL S10;04/01/2022;5,54;R$ / litro;VIBRA ENERGIA
NE;SE;NOSSA SENHORA DO SOCORRO;DIESEL S10;04/01/2022;5,89;R$ / litro;PETROX DISTRIBUIDORA
SE;SP;ATIBAIA;GASOLINA ADITIVADA;04/01/2022;6,69;R$ / litro;IPIRANGA
SE;SP;BAURU;DIESEL;04/01/2022;5,25;R$ / litro;BRANCA
SE;SP;COTIA;GASOLINA ADITIVADA;04/01/2022;6,49;R$ / litro;RAIZEN
SE;SP;CRUZEIRO;DIESEL S10;04/01/2022;5,69;R$ / litro;BRANCA
SE;SP;CUBATAO;DIESEL S10;04/01/2022;5,49;R$ / litro;VIBRA ENERGIA
SE;SP;DRACENA;DIESEL S10;04/01/2022;5,47;R$ / litro;RAIZEN
SE;SP;GUARULHOS;DIESEL S10;04/01/2022;5,39;R$ / litro;IPIRANGA
SE;SP;ITANHAEM;DIESEL S10;04/01/2022;5,89;R$ / litro;ALESAT
SE;SP;JABOTICABAL;DIESEL S10;04/01/2022;5,49;R$ / litro;VIBRA ENERGIA
SE;SP;JALES;DIESEL;04/01/2022;5,29;R$ / litro;BRANCA
SE;SP;JAU;DIESEL S10;04/01/2022;5,49;R$ / litro;BRANCA
SE;SP;JOSE BONIFACIO;DIESEL S10;04/01/2022;5,54;R$ / litro;IPIRANGA
SE;SP;MIRASSOL;DIESEL S10;04/01/2022;5,39;R$ / litro;IPIRANGA
SE;SP;MOGI DAS CRUZES;DIESEL S10;04/01/2022;5,19;R$ / litro;BRANCA
SE;SP;MONTE ALTO;DIESEL S10;04/01/2022;5,19;R$ / litro;BRANCA
SE;SP;PIRACICABA;DIESEL S10;04/01/2022;5,29;R$ / litro;RAIZEN
SE;SP;POA;DIESEL;04/01/2022;5,03;R$ / litro;BRANCA
SE;SP;RIO CLARO;DIESEL S10;04/01/2022;5,39;R$ / litro;VIBRA ENERGIA
SE;SP;SAO PAULO;ETANOL;04/01/2022;4,49;R$ / litro;BRANCA
SE;SP;SUZANO;DIESEL S10;04/01/2022;5,59;R$ / litro;VIBRA ENERGIA
SE;SP;TAUBATE;DIESEL S10;04/01/2022;5,14;R$ / litro;RAIZEN
N;AM;MANAUS;DIESEL S10;04/01/2022;5,29;R$ / litro;SABBÁ
NE;BA;CAMACARI;GNV;04/01/2022;3,79;R$ / m³;VIBRA ENERGIA
NE;BA;FEIRA DE SANTANA;DIESEL S10;04/01/2022;5,49;R$ / litro;BRANCA
NE;BA;JUAZEIRO;DIESEL S10;04/01/2022;5,67;R$ / litro;PETROBAHIA
NE;BA;LAURO DE FREITAS;DIESEL S10;04/01/2022;5,25;R$ / litro;BRANCA
NE;BA;PAULO AFONSO;DIESEL S10;04/01/2022;5,66;R$ / litro;RAIZEN
NE;BA;SIMOES FILHO;DIESEL S10;04/01/2022;5,59;R$ / litro;VIBRA ENERGIA
NE;CE;FORTALEZA;DIESEL S10;04/01/2022;5,69;R$ / litro;VIBRA ENERGIA
NE;MA;IMPERATRIZ;DIESEL S10;04/01/2022;5,54;R$ / litro;IPIRANGA
NE;MA;SAO JOSE DE RIBAMAR;DIESEL S10;04/01/2022;5,24;R$ / litro;BRANCA
SE;MG;BELO HORIZONTE;DIESEL S10;04/01/2022;5,47;R$ / litro;IPIRANGA
SE;MG;CAMPO BELO;DIESEL;04/01/2022;5,53;R$ / litro;VIBRA ENERGIA
NE;PE;LAJEDO;DIESEL S10;04/01/2022;5,15;R$ / litro;BRANCA
NE;PI;PARNAIBA;DIESEL S10;04/01/2022;5,59;R$ / litro;BRANCA
S;PR;CAMBE;DIESEL S10;04/01/2022;5,09;R$ / litro;RAIZEN
S;PR;CURITIBA;DIESEL S10;04/01/2022;5,29;R$ / litro;VIBRA ENERGIA
S;PR;SAO JOSE DOS PINHAIS;GASOLINA ADITIVADA;04/01/2022;6,45;R$ / litro;IPIRANGA
SE;RJ;VALENCA;DIESEL S10;04/01/2022;5,35;R$ / litro;ALESAT
S;RS;PORTO ALEGRE;DIESEL S10;04/01/2022;5,49;R$ / litro;VIBRA ENERGIA
S;SC;BIGUACU;DIESEL S10;04/01/2022;5,47;R$ / litro;BRANCA
S;SC;CACADOR;DIESEL S10;04/01/2022;5,63;R$ / litro;RAIZEN MIME
S;SC;JOINVILLE;DIESEL S10;04/01/2022;5,74;R$ / litro;IPIRANGA
S;SC;MAFRA;DIESEL S10;04/01/2022;5,34;R$ / litro;IPIRANGA
S;SC;SAO JOSE;DIESEL S10;04/01/2022;5,24;R$ / litro;BRANCA
NE;SE;ITABAIANA;DIESEL S10;04/01/2022;5,27;R$ / litro;RAIZEN
SE;SP;ARACATUBA;DIESEL S10;04/01/2022;5,49;R$ / litro;IPIRANGA
SE;SP;BARRETOS;ETANOL;04/01/2022;4,79;R$ / litro;BRANCA
SE;SP;CARAPICUIBA;DIESEL S10;04/01/2022;5,14;R$ / litro;VIBRA ENERGIA
SE;SP;GUARUJA;DIESEL S10;04/01/2022;5,17;R$ / litro;IPIRANGA
SE;SP;ITAPEVA;DIESEL S10;04/01/2022;5,45;R$ / litro;IPIRANGA
SE;SP;ITAPOLIS;DIESEL S10;04/01/2022;5,49;R$ / litro;BRANCA
SE;SP;LIMEIRA;DIESEL S10;04/01/2022;5,39;R$ / litro;IPIRANGA
SE;SP;LORENA;DIESEL S10;04/01/2022;5,16;R$ / litro;BRANCA
SE;SP;OSASCO;DIESEL S10;04/01/2022;5,19;R$ / litro;RAIZEN
SE;SP;TATUI;DIESEL S10;04/01/2022;5,44;R$ / litro;VIBRA ENERGIA
SE;SP;TUPA;DIESEL S10;04/01/2022;5,45;R$ / litro;BRANCA
SE;SP;UBATUBA;DIESEL S10;04/01/2022;5,59;R$ / litro;VIBRA ENERGIA
S;RS;SANTA MARIA;DIESEL S10;04/01/2022;5,14;R$ / litro;IPIRANGA
N;RO;VILHENA;DIESEL S10;04/01/2022;5,81;R$ / litro;EQUADOR
N;PA;PARAUAPEBAS;DIESEL S10;04/01/2022;5,95;R$ / litro;BRANCA
SE;SP;ADAMANTINA;ETANOL;04/01/2022;4,69;R$ / litro;BRANCA
NE;BA;EUNAPOLIS;DIESEL S10;04/01/2022;5,69;R$ / litro;RAIZEN
N;RR;BOA VISTA;DIESEL S10;04/01/2022;5,63;R$ / litro;IPIRANGA
S;RS;CRUZ ALTA;GASOLINA ADITIVADA;04/01/2022;6,71;R$ / litro;BRANCA
NE;BA;BARREIRAS;DIESEL S10;05/01/2022;5,75;R$ / litro;BRANCA
NE;BA;IRECE;GASOLINA;05/01/2022;6,91;R$ / litro;VIBRA ENERGIA
NE;CE;JUAZEIRO DO NORTE;GASOLINA;05/01/2022;6,69;R$ / litro;VIBRA ENERGIA
NE;CE;LIMOEIRO DO NORTE;GASOLINA;05/01/2022;6,97;R$ / litro;VIBRA ENERGIA
SE;ES;VILA VELHA;GASOLINA;05/01/2022;6,65;R$ / litro;VIBRA ENERGIA
CO;GO;ANAPOLIS;GASOLINA;05/01/2022;6,59;R$ / litro;ALESAT
NE;MA;SAO LUIS;GASOLINA;05/01/2022;6,4;R$ / litro;BRANCA
SE;MG;BARBACENA;GASOLINA;05/01/2022;6,67;R$ / litro;TOTALENERGIES
SE;MG;FORMIGA;GASOLINA;05/01/2022;6,98;R$ / litro;VIBRA ENERGIA
SE;MG;ITAUNA;GASOLINA;05/01/2022;6,99;R$ / litro;IPIRANGA
SE;MG;JANUARIA;GASOLINA;05/01/2022;7,25;R$ / litro;RAIZEN
SE;MG;PARACATU;GASOLINA;05/01/2022;6,98;R$ / litro;BRANCA
SE;MG;PATOS DE MINAS;GASOLINA;05/01/2022;6,83;R$ / litro;BRANCA
SE;MG;POUSO ALEGRE;GASOLINA;05/01/2022;6,99;R$ / litro;BRANCA
SE;MG;SAO JOAO DEL REI;GASOLINA;05/01/2022;6,92;R$ / litro;BRANCA
SE;MG;UBERLANDIA;GASOLINA;05/01/2022;6,69;R$ / litro;RAIZEN
CO;MS;CAMPO GRANDE;GASOLINA;05/01/2022;6,34;R$ / litro;RAIZEN
N;PA;ALENQUER;DIESEL;05/01/2022;6,05;R$ / litro;EQUADOR
N;PA;ANANINDEUA;DIESEL;05/01/2022;5,25;R$ / litro;BRANCA
NE;PB;CABEDELO;GASOLINA;05/01/2022;6,58;R$ / litro;IPIRANGA
NE;PE;CABO DE SANTO AGOSTINHO;DIESEL S10;05/01/2022;5,37;R$ / litro;RAIZEN
NE;PE;CARUARU;DIESEL S10;05/01/2022;5,37;R$ / litro;BRANCA
NE;PE;RECIFE;DIESEL S10;05/01/2022;5,54;R$ / litro;IPIRANGA
NE;PE;SERRA TALHADA;DIESEL S10;05/01/2022;5,29;R$ / litro;IPIRANGA
S;PR;ARAPONGAS;DIESEL;05/01/2022;5,15;R$ / litro;BRANCA
S;PR;CIANORTE;DIESEL S10;05/01/2022;4,99;R$ / litro;CIAPETRO
S;PR;GUARAPUAVA;DIESEL S10;05/01/2022;5,09;R$ / litro;IPIRANGA
S;PR;LONDRINA;DIESEL S10;05/01/2022;5,47;R$ / litro;RAIZEN
S;PR;PARANAVAI;DIESEL S10;05/01/2022;4,99;R$ / litro;BRANCA
S;PR;UNIAO DA VITORIA;DIESEL;05/01/2022;5;R$ / litro;IPIRANGA
SE;RJ;RIO BONITO;DIESEL S10;05/01/2022;5,49;R$ / litro;IPIRANGA
SE;RJ;NILOPOLIS;ETANOL;05/01/2022;5,79;R$ / litro;BRANCA
NE;RN;PARNAMIRIM;DIESEL S10;05/01/2022;5,85;R$ / litro;IPIRANGA
S;RS;ALVORADA;DIESEL;05/01/2022;5,25;R$ / litro;VIBRA ENERGIA
S;RS;BAGE;DIESEL;05/01/2022;5,86;R$ / litro;VIBRA ENERGIA
S;RS;CACHOEIRA DO SUL;DIESEL;05/01/2022;5,39;R$ / litro;IPIRANGA
S;RS;SAPIRANGA;DIESEL;05/01/2022;4,99;R$ / litro;BRANCA
S;RS;VIAMAO;DIESEL S10;05/01/2022;5,29;R$ / litro;VIBRA ENERGIA
S;SC;ARARANGUA;DIESEL;05/01/2022;5,09;R$ / litro;IPIRANGA
S;SC;BRUSQUE;DIESEL S10;05/01/2022;4,98;R$ / litro;IPIRANGA
S;SC;CRICIUMA;DIESEL;05/01/2022;5,09;R$ / litro;IPIRANGA
S;SC;TUBARAO;DIESEL S10;05/01/2022;5,22;R$ / litro;BRANCA
SE;SP;ARARAQUARA;DIESEL;05/01/2022;5,13;R$ / litro;BRANCA
SE;SP;CACAPAVA;DIESEL;05/01/2022;4,94;R$ / litro;BRANCA
SE;SP;ITAPETININGA;DIESEL;05/01/2022;5,49;R$ / litro;VIBRA ENERGIA
SE;SP;RIBEIRAO PRETO;GASOLINA ADITIVADA;05/01/2022;6,49;R$ / litro;RAIZEN
SE;SP;SANTA BARBARA D'OESTE;GASOLINA ADITIVADA;05/01/2022;6,29;R$ / litro;IPIRANGA
SE;SP;SANTA CRUZ DO RIO PARDO;DIESEL;05/01/2022;5,27;R$ / litro;BRANCA
SE;SP;SAO JOSE DO RIO PRETO;GASOLINA;05/01/2022;5,94;R$ / litro;BRANCA
SE;SP;SERTAOZINHO;GASOLINA;05/01/2022;6,49;R$ / litro;RAIZEN
SE;SP;SOROCABA;GASOLINA ADITIVADA;05/01/2022;6,49;R$ / litro;RAIZEN
SE;SP;VALINHOS;GASOLINA ADITIVADA;05/01/2022;6,37;R$ / litro;RAIZEN
NE;CE;CAUCAIA;GASOLINA;05/01/2022;6,64;R$ / litro;RAIZEN
NE;CE;IGUATU;GASOLINA;05/01/2022;6,89;R$ / litro;BRANCA
SE;ES;CARIACICA;GASOLINA;05/01/2022;6,63;R$ / litro;BRANCA
SE;MG;ARAGUARI;GASOLINA;05/01/2022;6,69;R$ / litro;BRANCA
SE;MG;CORONEL FABRICIANO;GASOLINA;05/01/2022;6,99;R$ / litro;VIBRA ENERGIA
SE;MG;MONTE CARMELO;ETANOL;05/01/2022;5,16;R$ / litro;BRANCA
CO;MT;VARZEA GRANDE;DIESEL;05/01/2022;5,43;R$ / litro;BRANCA
S;PR;APUCARANA;DIESEL;05/01/2022;5,25;R$ / litro;RAIZEN
S;PR;CASTRO;DIESEL;05/01/2022;5,33;R$ / litro;IPIRANGA
SE;RJ;PETROPOLIS;DIESEL S10;05/01/2022;5,44;R$ / litro;RAIZEN
S;RS;ALEGRETE;DIESEL;05/01/2022;5,35;R$ / litro;RAIZEN
S;RS;CACHOEIRINHA;DIESEL;05/01/2022;5,22;R$ / litro;IPIRANGA
S;RS;ERECHIM;DIESEL;05/01/2022;5,65;R$ / litro;VIBRA ENERGIA
S;RS;GRAVATAI;DIESEL;05/01/2022;4,99;R$ / litro;IPIRANGA
S;RS;OSORIO;DIESEL;05/01/2022;5,09;R$ / litro;BRANCA
S;RS;SAO GABRIEL;DIESEL;05/01/2022;5,44;R$ / litro;IPIRANGA
S;SC;LAGUNA;DIESEL;05/01/2022;5,2;R$ / litro;BRANCA
SE;SP;AMERICANA;DIESEL S10;05/01/2022;4,99;R$ / litro;BRANCA
SE;SP;ASSIS;DIESEL S10;05/01/2022;5,69;R$ / litro;VIBRA ENERGIA
SE;SP;BIRIGUI;DIESEL;05/01/2022;5,14;R$ / litro;BRANCA
SE;SP;BARUERI;ETANOL;05/01/2022;4,59;R$ / litro;BRANCA
SE;SP;GARCA;DIESEL;05/01/2022;5,49;R$ / litro;BRANCA
SE;SP;ITAPECERICA DA SERRA;DIESEL S10;05/01/2022;5,19;R$ / litro;BRANCA
SE;SP;ITAQUAQUECETUBA;DIESEL S10;05/01/2022;5,26;R$ / litro;BRANCA
SE;SP;ITU;DIESEL S10;05/01/2022;5,29;R$ / litro;BRANCA
SE;SP;JACAREI;ETANOL;05/01/2022;4,79;R$ / litro;BRANCA
SE;SP;SAO JOSE DOS CAMPOS;GASOLINA;05/01/2022;5,95;R$ / litro;BRANCA
SE;SP;SAO ROQUE;GASOLINA ADITIVADA;05/01/2022;6,41;R$ / litro;BRANCA
SE;SP;VINHEDO;ETANOL;05/01/2022;4,89;R$ / litro;RAIZEN
SE;SP;VOTORANTIM;GASOLINA;05/01/2022;6,39;R$ / litro;BRANCA
S;SC;CHAPECO;DIESEL;05/01/2022;5,22;R$ / litro;VIBRA ENERGIA
CO;GO;LUZIANIA;GASOLINA;05/01/2022;6,75;R$ / litro;BRANCA
N;AC;CRUZEIRO DO SUL;DIESEL;06/01/2022;6,7;R$ / litro;VIBRA ENERGIA
NE;CE;CRATO;DIESEL;06/01/2022;5,35;R$ / litro;BRANCA
SE;MG;GOVERNADOR VALADARES;GASOLINA ADITIVADA;06/01/2022;6,95;R$ / litro;IPIRANGA
SE;MG;LAVRAS;GASOLINA ADITIVADA;06/01/2022;6,99;R$ / litro;BRANCA
SE;MG;PASSOS;GASOLINA ADITIVADA;06/01/2022;7,24;R$ / litro;BRANCA
SE;SP;MOGI GUACU;GASOLINA;06/01/2022;6,29;R$ / litro;BRANCA
SE;MG;TIMOTEO;GASOLINA ADITIVADA;06/01/2022;6,95;R$ / litro;BRANCA
NE;PE;OLINDA;GASOLINA ADITIVADA;06/01/2022;6,79;R$ / litro;VIBRA ENERGIA
SE;RJ;ARARUAMA;DIESEL;06/01/2022;5,46;R$ / litro;BRANCA
SE;RJ;RESENDE;GASOLINA ADITIVADA;06/01/2022;7,25;R$ / litro;VIBRA ENERGIA
S;RS;CANOAS;DIESEL;06/01/2022;5,19;R$ / litro;VIBRA ENERGIA
S;RS;NOVO HAMBURGO;GASOLINA ADITIVADA;06/01/2022;6,07;R$ / litro;BRANCA
S;RS;SANTA CRUZ DO SUL;DIESEL;06/01/2022;5,35;R$ / litro;IPIRANGA
S;RS;SAO LEOPOLDO;DIESEL;06/01/2022;5,19;R$ / litro;IPIRANGA
S;SC;LAGES;GASOLINA ADITIVADA;06/01/2022;6,69;R$ / litro;VIBRA ENERGIA
S;SC;XANXERE;DIESEL;06/01/2022;5,05;R$ / litro;STANG
SE;SP;AMPARO;DIESEL;06/01/2022;5,29;R$ / litro;VIBRA ENERGIA
SE;SP;AVARE;DIESEL;06/01/2022;5,44;R$ / litro;BRANCA
SE;SP;COSMOPOLIS;DIESEL;06/01/2022;5,35;R$ / litro;BRANCA
SE;SP;GUARATINGUETA;GASOLINA ADITIVADA;06/01/2022;6,19;R$ / litro;IPIRANGA
SE;SP;JUNDIAI;GASOLINA ADITIVADA;06/01/2022;6,75;R$ / litro;RAIZEN
SE;SP;MATAO;GASOLINA;06/01/2022;5,78;R$ / litro;BRANCA
SE;SP;MAUA;GASOLINA ADITIVADA;06/01/2022;6,49;R$ / litro;IPIRANGA
SE;SP;MOGI MIRIM;DIESEL;06/01/2022;5,39;R$ / litro;IPIRANGA
SE;SP;RIBEIRAO PIRES;GASOLINA ADITIVADA;06/01/2022;6,67;R$ / litro;IPIRANGA
SE;MG;BOM DESPACHO;GASOLINA;06/01/2022;6,64;R$ / litro;BRANCA
SE;MG;UNAI;GASOLINA ADITIVADA;06/01/2022;7,09;R$ / litro;BRANCA
SE;RJ;DUQUE DE CAXIAS;DIESEL;06/01/2022;5,27;R$ / litro;RAIZEN
S;RS;BENTO GONCALVES;DIESEL;06/01/2022;5,31;R$ / litro;IPIRANGA
S;RS;ESTEIO;GASOLINA ADITIVADA;06/01/2022;6,16;R$ / litro;BRANCA
S;RS;SAO LUIZ GONZAGA;DIESEL;06/01/2022;5,29;R$ / litro;VIBRA ENERGIA
S;RS;SAPUCAIA DO SUL;DIESEL;06/01/2022;4,96;R$ / litro;BRANCA
S;SC;FLORIANOPOLIS;GASOLINA ADITIVADA;06/01/2022;6,65;R$ / litro;ALESAT
SE;SP;BRAGANCA PAULISTA;DIESEL;06/01/2022;5,19;R$ / litro;RAIZEN
SE;SP;ITAPIRA;GASOLINA;06/01/2022;6,02;R$ / litro;BRANCA
SE;SP;ITATIBA;GASOLINA;06/01/2022;6,19;R$ / litro;BRANCA
SE;SP;PINDAMONHANGABA;DIESEL;06/01/2022;4,99;R$ / litro;BRANCA
SE;SP;VARZEA PAULISTA;GASOLINA ADITIVADA;06/01/2022;6,39;R$ / litro;BRANCA
SE;RJ;CAMPOS DOS GOYTACAZES;GASOLINA;06/01/2022;7,09;R$ / litro;BRANCA
NE;BA;JEQUIE;ETANOL;07/01/2022;5,55;R$ / litro;IPIRANGA
S;SC;PALHOCA;GASOLINA;07/01/2022;6,64;R$ / litro;IPIRANGA
SE;MG;GUAXUPE;GASOLINA;10/01/2022;6,95;R$ / litro;BRANCA
N;PA;ABAETETUBA;GASOLINA;10/01/2022;6,47;R$ / litro;BRANCA
N;PA;CASTANHAL;GASOLINA;10/01/2022;6,89;R$ / litro;SABBÁ
S;RS;TORRES;GASOLINA;10/01/2022;6,49;R$ / litro;RAIZEN
SE;SP;OLIMPIA;GASOLINA;10/01/2022;6,34;R$ / litro;RAIZEN
SE;MG;ARAXA;GASOLINA;10/01/2022;6,99;R$ / litro;IPIRANGA
CO;MS;CORUMBA;GASOLINA;10/01/2022;7,07;R$ / litro;RAIZEN
CO;MT;SORRISO;GASOLINA;10/01/2022;6,59;R$ / litro;BRANCA
S;RS;URUGUAIANA;GASOLINA;10/01/2022;6,69;R$ / litro;IPIRANGA
S;SC;VIDEIRA;GASOLINA;10/01/2022;6,53;R$ / litro;BRANCA
SE;SP;BOTUCATU;GASOLINA;10/01/2022;6,34;R$ / litro;BRANCA
S;RS;RIO GRANDE;GASOLINA;10/01/2022;6,69;R$ / litro;RODOIL
NE;AL;PALMEIRA DOS INDIOS;GASOLINA;11/01/2022;6,75;R$ / litro;VIBRA ENERGIA
N;PA;BRAGANCA;GASOLINA;11/01/2022;6,67;R$ / litro;ALESAT
S;PR;PONTA GROSSA;GASOLINA;11/01/2022;6,26;R$ / litro;BRANCA
SE;MG;OURO PRETO;GASOLINA ADITIVADA;12/01/2022;7,97;R$ / litro;BRANCA
SE;MG;VARGINHA;GASOLINA;12/01/2022;6,99;R$ / litro;VIBRA ENERGIA
SE;SP;SALTO;GASOLINA ADITIVADA;12/01/2022;6,64;R$ / litro;RAIZEN
NE;BA;SERRINHA;GASOLINA ADITIVADA;12/01/2022;6,75;R$ / litro;VIBRA ENERGIA
N;PA;ITAITUBA;GASOLINA ADITIVADA;12/01/2022;6,89;R$ / litro;VIBRA ENERGIA
SE;RJ;ITAGUAI;GASOLINA;12/01/2022;6,99;R$ / litro;VIBRA ENERGIA
S;SC;CONCORDIA;GASOLINA;13/01/2022;6,87;R$ / litro;RAIZEN MIME
SE;ES;CACHOEIRO DE ITAPEMIRIM;GASOLINA ADITIVADA;13/01/2022;7,39;R$ / litro;BRANCA
SE;MG;TRES CORACOES;GASOLINA ADITIVADA;13/01/2022;7,49;R$ / litro;VIBRA ENERGIA
CO;MT;RONDONOPOLIS;GASOLINA ADITIVADA;13/01/2022;6,59;R$ / litro;BRANCA
N;PA;REDENCAO;GASOLINA ADITIVADA;13/01/2022;7,24;R$ / litro;BRANCA
N;PA;PARAGOMINAS;GASOLINA;17/01/2022;7,19;R$ / litro;BRANCA
NE;PE;VITORIA DE SANTO ANTAO;GASOLINA;18/01/2022;6,29;R$ / litro;VIBRA ENERGIA
NE;RN;CAICO;GASOLINA;18/01/2022;6,99;R$ / litro;VIBRA ENERGIA
NE;BA;CAETITE;GASOLINA;18/01/2022;7,4;R$ / litro;RAIZEN
N;TO;PORTO NACIONAL;GASOLINA;18/01/2022;6,69;R$ / litro;BRANCA
S;PR;SANTO ANTONIO DA PLATINA;GASOLINA;18/01/2022;6,63;R$ / litro;BRANCA
SE;ES;COLATINA;DIESEL S10;19/01/2022;5,57;R$ / litro;VIBRA ENERGIA
N;PA;XINGUARA;DIESEL;19/01/2022;5,83;R$ / litro;SABBÁ
NE;PI;PIRIPIRI;DIESEL;19/01/2022;5,73;R$ / litro;BRANCA
SE;MG;ITUIUTABA;ETANOL;20/01/2022;5,69;R$ / litro;BRANCA
CO;MS;COXIM;GASOLINA;25/01/2022;6,92;R$ / litro;TAURUS
NE;MA;BARRA DO CORDA;DIESEL S10;01/02/2022;5,7;R$ / litro;BRANCA
NE;MA;SANTA INES;DIESEL S10;01/02/2022;5,85;R$ / litro;VIBRA ENERGIA
S;RS;SANTANA DO LIVRAMENTO;GASOLINA ADITIVADA;01/02/2022;7,12;R$ / litro;IPIRANGA
NE;BA;POCOES;GASOLINA;02/02/2022;7,1;R$ / litro;VIBRA ENERGIA
CO;GO;CATALAO;GASOLINA;02/02/2022;6,79;R$ / litro;BRANCA
SE;MG;ITAJUBA;GASOLINA;02/02/2022;6,99;R$ / litro;BRANCA
SE;MG;FRUTAL;GASOLINA;02/02/2022;7,09;R$ / litro;BRANCA
NE;AL;RIO LARGO;ETANOL;03/02/2022;5,25;R$ / litro;VIBRA ENERGIA
SE;MG;ITABIRA;DIESEL S10;03/02/2022;5,89;R$ / litro;ALESAT
S;SC;JARAGUA DO SUL;DIESEL S10;03/02/2022;5,34;R$ / litro;BRANCA
SE;RJ;TRES RIOS;GASOLINA;04/02/2022;7,79;R$ / litro;IPIRANGA
SE;RJ;CABO FRIO;GASOLINA;04/02/2022;7,69;R$ / litro;VIBRA ENERGIA
CO;MS;NOVA ANDRADINA;GASOLINA;07/02/2022;6,69;R$ / litro;RAIZEN
CO;GO;PORANGATU;GASOLINA;08/02/2022;6,99;R$ / litro;BRANCA
NE;PI;PICOS;GASOLINA;08/02/2022;7,1;R$ / litro;BRANCA
N;AM;PARINTINS;DIESEL S10;10/02/2022;6,49;R$ / litro;IPIRANGA
S;PR;ASSIS CHATEAUBRIAND;ETANOL;11/02/2022;4,59;R$ / litro;BRANCA
NE;MA;BALSAS;GASOLINA;14/02/2022;7,75;R$ / litro;SABBÁ
NE;SE;LAGARTO;GASOLINA ADITIVADA;15/02/2022;6,45;R$ / litro;VIBRA ENERGIA
SE;MG;SABARA;ETANOL;15/02/2022;4,99;R$ / litro;VIBRA ENERGIA
S;PR;MARECHAL CANDIDO RONDON;DIESEL;16/02/2022;5,53;R$ / litro;BRANCA
CO;GO;GOIATUBA;ETANOL;16/02/2022;5,34;R$ / litro;BRANCA
N;RO;JI-PARANA;DIESEL;16/02/2022;6,17;R$ / litro;VIBRA ENERGIA
S;PR;PATO BRANCO;ETANOL;17/02/2022;4,95;R$ / litro;RODOIL
NE;MA;PINHEIRO;DIESEL S10;17/02/2022;5,92;R$ / litro;BRANCA
S;PR;CAMPO LARGO;ETANOL;17/02/2022;4,99;R$ / litro;BRANCA
NE;CE;SOBRAL;GASOLINA;21/02/2022;6,99;R$ / litro;IPIRANGA
SE;RJ;MESQUITA;GASOLINA;21/02/2022;7,29;R$ / litro;BRANCA
S;RS;GRAMADO;GASOLINA;21/02/2022;6,99;R$ / litro;BRANCA
N;AM;MANACAPURU;DIESEL S10;22/02/2022;5,76;R$ / litro;ATEM' S
SE;RJ;ITABORAI;DIESEL S10;22/02/2022;5,64;R$ / litro;BRANCA
NE;SE;JAPARATUBA;DIESEL S10;22/02/2022;5,54;R$ / litro;PETROX DISTRIBUIDORA
SE;RJ;MACAE;GASOLINA ADITIVADA;23/02/2022;7,64;R$ / litro;RAIZEN
SE;RJ;MARICA;GASOLINA ADITIVADA;23/02/2022;6,69;R$ / litro;BRANCA
SE;MG;CURVELO;ETANOL;03/03/2022;4,87;R$ / litro;BRANCA
NE;PB;PATOS;GASOLINA;07/03/2022;6,45;R$ / litro;BRANCA
SE;RJ;BARRA DO PIRAI;DIESEL S10;10/03/2022;5,99;R$ / litro;VIBRA ENERGIA
SE;MG;JANAUBA;DIESEL;14/03/2022;6,79;R$ / litro;VIBRA ENERGIA
SE;MG;LEOPOLDINA;GASOLINA;14/03/2022;7,69;R$ / litro;BRANCA
NE;MA;CODO;GASOLINA;04/04/2022;7,65;R$ / litro;BRANCA
NE;CE;ICO;GASOLINA;05/04/2022;7,75;R$ / litro;BRANCA
SE;RJ;SANTO ANTONIO DE PADUA;GASOLINA;05/04/2022;7,85;R$ / litro;BRANCA
NE;MA;CAXIAS;GASOLINA;05/04/2022;7,39;R$ / litro;BRANCA
NE;BA;ALAGOINHAS;DIESEL S10;06/04/2022;6,26;R$ / litro;BRANCA
NE;BA;SANTO ANTONIO DE JESUS;GASOLINA ADITIVADA;06/04/2022;7,49;R$ / litro;BRANCA
NE;MA;PRESIDENTE DUTRA;DIESEL S10;07/04/2022;6,3;R$ / litro;ALESAT
SE;MG;CONGONHAS;ETANOL;07/04/2022;5,19;R$ / litro;VIBRA ENERGIA
N;RO;ARIQUEMES;GASOLINA;07/04/2022;7,29;R$ / litro;VIBRA ENERGIA
SE;MG;CARATINGA;GASOLINA;12/04/2022;7,78;R$ / litro;BRANCA
NE;MA;BACABAL;GASOLINA;12/04/2022;7,42;R$ / litro;BRANCA
NE;BA;ITAMARAJU;GASOLINA;13/04/2022;7,79;R$ / litro;BRANCA
N;TO;PARAISO DO TOCANTINS;DIESEL S10;13/04/2022;6,49;R$ / litro;VIBRA ENERGIA
NE;BA;PORTO SEGURO;GASOLINA;13/04/2022;7,79;R$ / litro;IPIRANGA
NE;BA;JACOBINA;DIESEL S10;14/04/2022;7,19;R$ / litro;RAIZEN
NE;BA;TEIXEIRA DE FREITAS;DIESEL S10;14/04/2022;7,19;R$ / litro;BRANCA
NE;MA;ACAILANDIA;GASOLINA;14/04/2022;7,45;R$ / litro;BRANCA
NE;BA;SENHOR DO BONFIM;ETANOL;18/04/2022;5,99;R$ / litro;BRANCA
NE;BA;JAGUAQUARA;GASOLINA;20/04/2022;7,48;R$ / litro;BRANCA
NE;PE;ARCOVERDE;DIESEL S10;26/04/2022;6,49;R$ / litro;BRANCA
N;AP;SANTANA;GASOLINA;02/05/2022;6,55;R$ / litro;VIBRA ENERGIA
SE;MG;NOVA LIMA;GASOLINA;04/05/2022;7,64;R$ / litro;BRANCA
NE;PE;SALGUEIRO;GASOLINA;10/05/2022;7,84;R$ / litro;BRANCA
NE;CE;CANINDE;GASOLINA;17/05/2022;7,78;R$ / litro;BRANCA
S;PR;ARAUCARIA;GASOLINA;26/05/2022;7,19;R$ / litro;VIBRA ENERGIA
NE;BA;IPIRA;GASOLINA;26/05/2022;7,94;R$ / litro;VIBRA ENERGIA
NE;BA;LIVRAMENTO DE NOSSA SENHORA;GASOLINA;26/05/2022;8,28;R$ / litro;BRANCA
SE;RJ;SAPUCAIA;DIESEL;08/06/2022;6,72;R$ / litro;IPIRANGA
SE;RJ;MAGE;GASOLINA;09/06/2022;7,89;R$ / litro;BRANCA
